REG_ANS;ano;trimestre;VL_SALDO_FINAL
477;2023;4;6263222589.08
477;2025;1;1257109617.35
515;2023;4;3358508125.88
515;2025;1;102537780.92
515;2025;2;111927627.43
515;2025;3;140959173.25
582;2023;4;28710909552.74
582;2025;1;13649443143.35
582;2025;2;26358171312.29
582;2025;3;39461785180.88
701;2023;4;32460952897.03
701;2025;1;12001491390.69
701;2025;2;22505338245.42
701;2025;3;33327874834.1
884;2023;4;2628505140.43
884;2025;1;1041946613.27
884;2025;2;1607118453.21
884;2025;3;2183959623.24
5711;2023;4;273770757240.72
5711;2025;1;102195684284.0
5711;2025;2;167235113374.87
5711;2025;3;235101481037.87
6246;2023;4;189538935874.98
6246;2025;1;75660776556.99
6246;2025;2;127313811733.5
6246;2025;3;182853172183.92
300136;2023;4;788547960.8
300136;2025;1;284673135.38
300136;2025;2;500783060.46
300136;2025;3;725617131.19
300195;2023;4;5342682.88
300713;2023;4;875793354.87
300713;2025;1;287232374.26
300713;2025;2;527533939.39
300713;2025;3;769551982.42
300730;2023;4;30538547.13
300730;2025;1;9507910.77
300730;2025;2;17714992.98
300730;2025;3;24920614.17
300870;2023;4;112503540.72
300870;2025;1;109218155.61
300870;2025;2;107510690.56
300870;2025;3;107312763.53
301060;2023;4;450317394.62
301060;2025;1;147119129.84
301060;2025;2;259830145.97
301060;2025;3;384703641.32
301124;2023;4;314235034.1
301124;2025;1;101004120.4
301124;2025;2;172764744.25
301124;2025;3;246605592.22
301574;2023;4;1516167733.51
301574;2025;1;459244958.07
301574;2025;2;913061343.98
301574;2025;3;1405401699.15
301647;2023;4;3743075.49
301728;2023;4;419937259.62
301728;2025;1;160833874.59
301728;2025;2;284838417.05
301728;2025;3;418249631.62
301744;2023;4;365372953.68
301744;2025;1;180357321.53
301744;2025;2;312476144.46
301744;2025;3;465004839.41
301949;2023;4;7559710924.25
301949;2025;1;2311425512.14
301949;2025;2;4173187015.49
301949;2025;3;6200710822.99
302147;2023;4;36881426736.98
302147;2025;1;11430368120.14
302147;2025;2;22338605789.36
302147;2025;3;33514988935.15
302228;2023;4;191141003.01
302228;2025;1;62217003.73
302228;2025;2;115748082.02
302228;2025;3;172344814.99
302627;2023;4;252740342.04
302627;2025;1;92869591.56
302627;2025;2;184040239.16
302627;2025;3;257475215.5
302953;2023;4;2797016935.6
302953;2025;1;951855011.15
302953;2025;2;1873287811.72
302953;2025;3;2841613525.27
303178;2023;4;598865852.07
303178;2025;1;156111052.18
303178;2025;2;291179587.79
303178;2025;3;436100088.73
303259;2023;4;16264402.73
303267;2023;4;2806661184.21
303267;2025;1;910805279.11
303267;2025;2;1801421422.62
303267;2025;3;2734284727.62
303291;2023;4;4046667.28
303356;2023;4;3582965402.84
303356;2025;1;1243522591.46
303356;2025;2;2329271584.05
303356;2025;3;3558865431.55
303623;2023;4;4700010599.34
303623;2025;1;1692404885.69
303623;2025;2;3201714017.84
303623;2025;3;4767891844.98
303739;2023;4;1255596306.89
303739;2025;1;445276747.34
303739;2025;2;843697698.36
303739;2025;3;1254425973.56
303844;2023;4;389279807.3
303844;2025;1;116358608.2
303844;2025;2;217284693.28
303844;2025;3;318891214.77
303976;2023;4;11193783190.24
303976;2025;1;3628646511.1
303976;2025;2;6464935761.5
303976;2025;3;9270597377.38
304051;2023;4;2032898080.69
304051;2025;1;398847834.59
304051;2025;2;650383517.37
304051;2025;3;881695666.03
304123;2023;4;313439060.64
304123;2025;1;123859547.83
304123;2025;2;221763858.21
304123;2025;3;333889433.32
304131;2023;4;414391391.18
304131;2025;1;254088318.47
304131;2025;2;459107158.08
304131;2025;3;681912916.18
304212;2023;4;5750651.44
304212;2025;1;26196432.79
304212;2025;2;61883938.85
304212;2025;3;122048220.61
304344;2023;4;620106917.38
304344;2025;1;209761458.06
304344;2025;2;386169705.03
304344;2025;3;569566546.05
304395;2023;4;661438554.56
304395;2025;1;255250103.85
304395;2025;2;498666638.71
304395;2025;3;741404420.8
304441;2023;4;154177593.75
304441;2025;1;52392789.98
304441;2025;2;95118331.6
304441;2025;3;137083109.85
304468;2023;4;806492863.04
304468;2025;1;294293947.78
304468;2025;2;531424014.5
304468;2025;3;782722578.25
304484;2023;4;617361105.86
304484;2025;1;165365302.62
304484;2025;2;310384743.44
304484;2025;3;471424298.94
304531;2023;4;78770778.2
304531;2025;1;27681181.66
304531;2025;2;45443051.61
304531;2025;3;63475299.09
304701;2023;4;23201239165.38
304701;2025;1;8126656400.15
304701;2025;2;14681698072.45
304701;2025;3;21686451701.92
304883;2023;4;1622379491.08
304883;2025;1;494647957.07
304883;2025;2;977645233.57
304883;2025;3;1386365886.98
305227;2023;4;624907125.99
305227;2025;1;225671374.59
305227;2025;2;406638254.14
305227;2025;3;613429756.9
305421;2023;4;31029881.97
305421;2025;1;9919820.76
305421;2025;2;18864705.68
305421;2025;3;24894194.75
305472;2023;4;626974785.48
305472;2025;1;235377733.55
305472;2025;2;425482742.45
305472;2025;3;644385399.79
305626;2025;1;107913120.65
305626;2025;2;159736076.2
305626;2025;3;221040181.07
305740;2023;4;5268589.81
305928;2023;4;49885390.16
305928;2025;1;16657027.9
305928;2025;2;31586742.64
305928;2025;3;46641401.54
306045;2023;4;68015755.92
306045;2025;1;25383088.98
306045;2025;2;40096154.87
306045;2025;3;57330961.3
306100;2023;4;995664385.71
306100;2025;1;350140494.75
306100;2025;2;641911534.24
306100;2025;3;951234700.03
306126;2023;4;1245365727.76
306126;2025;1;367055478.06
306126;2025;2;726574559.99
306126;2025;3;1095913058.16
306398;2023;4;3798951884.52
306398;2025;1;1318822724.96
306398;2025;2;2483629228.55
306398;2025;3;3704595175.99
306754;2023;4;292108387.54
306754;2025;1;94014538.18
306754;2025;2;188713690.4
306754;2025;3;273010554.02
306762;2023;4;1148076389.02
306762;2025;1;384348908.0
306762;2025;2;726378083.09
306762;2025;3;1081801938.04
306886;2023;4;3728113293.01
306886;2025;1;1275135935.85
306886;2025;2;2338457216.94
306886;2025;3;3493547735.05
307319;2023;4;1839573255.19
307319;2025;1;595961661.6
307319;2025;2;1114317177.3
307319;2025;3;1690106076.1
307751;2023;4;932065501.21
307751;2025;1;282833215.83
307751;2025;2;528303079.99
307751;2025;3;755827626.09
308811;2023;4;242867799.33
308811;2025;1;84301125.61
308811;2025;2;157638871.67
308811;2025;3;238289400.77
309028;2023;4;103928068.26
309028;2025;1;86848886.88
309028;2025;2;120337730.31
309028;2025;3;156677258.75
309087;2023;4;620908647.91
309087;2025;1;182631900.64
309087;2025;2;361252593.27
309087;2025;3;534935741.37
309222;2023;4;12987451733.2
309222;2025;1;5358602518.5
309222;2025;2;9166487973.86
309222;2025;3;13611429282.19
309257;2023;4;1145690.65
309524;2023;4;206975520.09
309524;2025;1;69892898.48
309524;2025;2;127332299.25
309524;2025;3;190513699.86
309907;2023;4;1184095555.16
309907;2025;1;391724707.18
309907;2025;2;675902615.4
309907;2025;3;962094957.85
310107;2023;4;2872273.49
310131;2023;4;1400170.31
310239;2023;4;220348819.55
310239;2025;1;60900733.04
310239;2025;2;103713855.18
310239;2025;3;154411495.55
310247;2023;4;1914743372.77
310247;2025;1;578060458.72
310247;2025;2;1092692979.74
310247;2025;3;1657620131.2
310522;2023;4;1287377029.75
310522;2025;1;451991941.29
310522;2025;2;851124088.88
310522;2025;3;1388972346.44
310981;2023;4;200071200.88
310981;2025;1;51442296.07
310981;2025;2;83853522.12
310981;2025;3;120635730.9
311057;2023;4;39004479.64
311057;2025;1;17079049.14
311057;2025;2;27125193.33
311057;2025;3;39052101.57
311146;2023;4;466248780.24
311146;2025;1;175359266.7
311146;2025;2;276027551.65
311146;2025;3;379623831.58
311294;2023;4;1210055276.44
311294;2025;1;359042730.01
311294;2025;2;695474936.88
311294;2025;3;1008496244.78
311359;2025;1;182022984.32
311359;2025;2;360320353.33
311359;2025;3;566083453.67
311375;2023;4;1320052163.26
311375;2025;1;440014176.79
311375;2025;2;838490048.77
311375;2025;3;1277953086.3
311391;2023;4;82735416.41
311391;2025;1;25848949.29
311391;2025;2;48570620.96
311391;2025;3;69423053.59
311472;2023;4;274744882.53
311472;2025;3;51387584.64
311618;2023;4;702387021.36
311618;2025;1;241486899.5
311618;2025;2;447691698.6
311618;2025;3;655582630.71
311669;2023;4;10671265.87
311715;2023;4;1048940769.43
311715;2025;1;331228302.36
311715;2025;2;605739865.57
311715;2025;3;924445626.61
311847;2023;4;2245760514.62
311847;2025;1;781777461.29
311847;2025;2;1426192054.16
311847;2025;3;2115813249.65
311944;2023;4;221975680.24
311944;2025;1;72956677.4
311944;2025;2;132689668.14
311944;2025;3;200794955.9
311961;2023;4;1595498645.64
311961;2025;1;821851173.93
311961;2025;2;1034708226.83
311961;2025;3;1579330301.84
312126;2023;4;15048656852.55
312126;2025;1;5008621703.11
312126;2025;2;9129305717.67
312126;2025;3;13476382536.1
312282;2023;4;315448447.0
312282;2025;1;97474564.46
312282;2025;2;176421041.58
312282;2025;3;275490631.65
312321;2023;4;20081014.89
312347;2023;4;1135527403.6
312347;2025;1;416271353.64
312347;2025;2;701224453.92
312347;2025;3;1010668480.65
312363;2023;4;940472363.92
312363;2025;1;13219686030.41
312363;2025;2;21765546586.52
312363;2025;3;29670403182.22
312592;2023;4;858405620.84
312592;2025;1;278527266.68
312592;2025;2;502120662.92
312592;2025;3;727704207.81
312720;2023;4;4135577058.08
312720;2025;1;1585159352.05
312720;2025;2;2867279417.99
312720;2025;3;4357826124.93
312851;2023;4;5850112674.85
312851;2025;1;2084049808.42
312851;2025;2;3705653488.31
312851;2025;3;5475233287.8
313084;2023;4;346443917.27
313084;2025;1;139993261.89
313084;2025;2;243205213.67
313084;2025;3;347024363.24
313149;2023;4;71766639.43
313149;2025;1;28797207.95
313149;2025;2;47955329.75
313149;2025;3;66940461.37
313211;2023;4;814851380.26
313211;2025;1;277737142.62
313211;2025;2;549199368.37
313211;2025;3;788493036.91
313475;2023;4;81453385.1
313475;2025;1;32969167.19
313475;2025;2;56614425.01
313475;2025;3;86089055.45
313751;2023;4;292101798.1
313751;2025;1;91987576.79
313751;2025;2;170722954.56
313751;2025;3;256003101.11
313807;2023;4;11632879.71
313955;2023;4;150738200.58
313971;2023;4;3681982053.77
313971;2025;3;811295776.53
314099;2023;4;1444626614.54
314099;2025;1;535039272.82
314099;2025;2;959563011.1
314099;2025;3;1402555842.09
314218;2023;4;4722525144.71
314218;2025;1;1495023662.46
314218;2025;2;2761177775.01
314218;2025;3;4024291541.48
314242;2023;4;271670668.95
314242;2025;1;86948686.46
314242;2025;2;181880943.2
314242;2025;3;273370489.3
314251;2023;4;498277925.94
314251;2025;1;165552030.4
314251;2025;2;299297294.48
314251;2025;3;439883877.03
314315;2023;4;84163044.85
314315;2025;1;24204582.88
314315;2025;2;55080412.45
314315;2025;3;83738946.44
314366;2023;4;24222482.6
314366;2025;1;11257675.01
314366;2025;2;19670767.24
314366;2025;3;28614735.88
314587;2023;4;296125140.74
314587;2025;1;102228043.04
314587;2025;2;186853995.29
314587;2025;3;282944034.35
314668;2023;4;1011331521.87
314668;2025;1;478231726.49
314668;2025;2;908659390.25
314668;2025;3;1286796625.43
314706;2023;4;97763415.55
314706;2025;1;29544185.41
314706;2025;2;56169407.5
314706;2025;3;86521127.5
314781;2023;4;197339838.32
314781;2025;1;70832528.13
314781;2025;2;127674635.05
314781;2025;3;197359385.54
314871;2023;4;22342386.36
315044;2023;4;1535560159.86
315044;2025;1;475791480.06
315044;2025;2;940224663.74
315044;2025;3;1385671352.13
315265;2023;4;515970666.36
315265;2025;1;193087317.28
315265;2025;2;346353806.97
315265;2025;3;498208266.65
315478;2023;4;11197429910.97
315478;2025;1;3546788221.51
315478;2025;2;6604940302.79
315478;2025;3;9619214822.26
315494;2023;4;251746092.63
315494;2025;1;90566681.3
315494;2025;2;162730995.65
315494;2025;3;252492821.41
315567;2023;4;1201983230.55
315567;2025;1;358607983.42
315567;2025;2;705383854.67
315567;2025;3;1030113116.6
315583;2025;1;105732644.38
315583;2025;2;145199021.26
315583;2025;3;194908091.63
315648;2023;4;301133419.5
315648;2025;1;107060603.33
315648;2025;2;187445262.19
315648;2025;3;276840799.02
315729;2023;4;4067422132.03
315729;2025;1;1340127651.92
315729;2025;2;2592690539.19
315729;2025;3;3876270951.12
315796;2023;4;3183587215.91
315796;2025;1;996361510.96
315796;2025;2;1908900037.46
315796;2025;3;2940197978.01
315818;2023;4;5420927.78
316148;2023;4;809968269.34
316148;2025;1;267643996.4
316148;2025;2;510419586.25
316148;2025;3;772128351.43
316458;2023;4;176868207.16
316458;2025;1;63230184.58
316458;2025;2;115187701.13
316458;2025;3;166340811.21
316849;2023;4;58363102.56
316849;2025;1;15012114.23
316849;2025;2;28876454.09
316849;2025;3;52129614.14
316873;2023;4;959475895.99
316873;2025;1;305853842.29
316873;2025;2;567398963.46
316873;2025;3;835267510.59
316881;2023;4;885308813.48
316881;2025;1;367490951.81
316881;2025;2;647977656.85
316881;2025;3;944443421.23
316903;2023;4;1740009.06
316903;2025;1;1823832.9
316903;2025;2;2801780.57
316903;2025;3;3768169.7
316997;2023;4;49718588.41
316997;2025;1;14791433.07
316997;2025;2;28126821.02
316997;2025;3;42949920.59
317012;2023;4;431949483.03
317012;2025;1;141441033.34
317012;2025;2;250761480.38
317012;2025;3;368831169.33
317144;2023;4;17940403229.26
317144;2025;1;5652226627.67
317144;2025;2;10700731404.76
317144;2025;3;15907644657.55
317233;2023;4;2992283330.06
317233;2025;1;621860397.57
317233;2025;2;1300765720.34
317233;2025;3;2044284417.72
317632;2023;4;2197261917.31
317632;2025;1;659006979.99
317632;2025;2;1295315121.88
317632;2025;3;1950652801.86
317896;2023;4;478679348.74
317896;2025;1;135357868.77
317896;2025;2;200619756.08
317896;2025;3;280644550.75
318035;2023;4;352687283.73
318035;2025;1;143130899.02
318035;2025;2;255924327.18
318035;2025;3;379915176.92
318213;2023;4;413846456.0
318213;2025;1;140320247.85
318213;2025;2;244447046.67
318213;2025;3;382915870.49
318299;2023;4;1610716716.83
318299;2025;1;618015841.2
318299;2025;2;1127220083.91
318388;2023;4;891132339.77
318388;2025;1;239103440.1
318388;2025;2;468605250.62
318388;2025;3;717814300.71
318477;2023;4;560063022.1
318477;2025;1;230246284.18
318477;2025;2;389582014.87
318477;2025;3;540471177.28
318566;2023;4;700081842.83
318566;2025;1;336905730.02
318566;2025;2;620732658.88
318566;2025;3;894539248.31
319121;2023;4;4033412452.95
319121;2025;1;1515831563.75
319121;2025;2;2725312182.5
319121;2025;3;4036643515.69
319180;2023;4;387365557.92
319180;2025;1;127518521.5
319180;2025;2;235666940.17
319180;2025;3;357343652.86
319350;2023;4;15114578.31
319384;2023;4;1178832229.58
319384;2025;1;421508110.17
319384;2025;2;757986531.94
319384;2025;3;1108599235.28
319422;2023;4;487104655.4
319422;2025;1;162202006.08
319422;2025;2;322374513.32
319422;2025;3;485799368.13
319708;2023;4;2020577122.91
319708;2025;1;659359302.84
319708;2025;2;1189487943.36
319708;2025;3;1740156618.03
319872;2023;4;40954141.86
319872;2025;1;16294612.9
319872;2025;2;25414935.99
319872;2025;3;33795341.18
319996;2023;4;9022722120.31
319996;2025;1;3329793867.5
319996;2025;2;5678946957.24
319996;2025;3;8308038455.39
320251;2023;4;1582606361.65
320251;2025;1;526386676.54
320251;2025;2;909464317.4
320251;2025;3;1443742361.3
320510;2023;4;704670540.79
320510;2025;2;147744495.37
320510;2025;3;197393200.89
320706;2023;4;2646934090.96
320706;2025;1;891048196.05
320706;2025;2;1686179382.64
320706;2025;3;2491322621.5
320820;2023;4;336969146.17
320820;2025;1;104788371.62
320820;2025;2;212214455.59
320820;2025;3;318666724.27
320838;2023;4;82938810.1
320838;2025;1;36206854.67
320838;2025;2;53562104.97
320838;2025;3;75709577.76
320862;2023;4;743785569.01
320862;2025;1;251677038.6
320862;2025;2;455473443.03
320862;2025;3;669668155.74
320897;2023;4;567767347.56
320897;2025;1;188042237.05
320897;2025;2;346508739.14
320897;2025;3;538656744.33
321044;2023;4;6945890414.65
321044;2025;1;2110724207.99
321044;2025;2;4048658401.26
321044;2025;3;6098228380.38
321087;2023;4;391065535.24
321087;2025;1;118483889.76
321087;2025;2;229178288.97
321087;2025;3;347613136.5
321125;2023;4;138197004.02
321125;2025;1;44495546.51
321125;2025;2;82406076.58
321125;2025;3;124337516.38
321273;2023;4;4208014067.29
321273;2025;1;1278935306.94
321273;2025;2;2476073090.19
321273;2025;3;3720458451.07
321320;2023;4;204277350.24
321320;2025;1;67152732.4
321320;2025;2;123754537.7
321320;2025;3;180243019.37
321338;2023;4;368606708.65
321338;2025;1;80738353.02
321338;2025;2;82095208.12
321338;2025;3;84641208.12
321869;2023;4;-80333259.6
321931;2023;4;246350968.96
321931;2025;1;85474310.79
321931;2025;2;179910284.23
321931;2025;3;284036229.6
321958;2023;4;2358284185.75
321958;2025;1;634938690.14
321958;2025;2;1264962866.73
321958;2025;3;1906164007.53
322326;2023;4;85380548.81
322326;2025;1;30405965.19
322326;2025;2;50627399.17
322326;2025;3;73277395.8
322571;2023;4;903118023.42
322571;2025;1;315558845.66
322571;2025;2;561282289.68
322571;2025;3;814431567.09
322831;2023;4;560187547.22
322831;2025;1;182149503.41
322831;2025;2;360399790.08
322831;2025;3;562166224.83
322890;2023;4;49433249.09
322890;2025;1;17058509.08
322890;2025;2;30875511.61
322890;2025;3;45091659.62
323004;2023;4;140024201.83
323004;2025;1;40714257.59
323004;2025;2;79234450.5
323004;2025;3;128423266.36
323055;2023;4;382949405.97
323055;2025;1;142541688.51
323055;2025;2;250979043.77
323055;2025;3;374343284.71
323080;2023;4;28815098637.71
323080;2025;1;12700401837.43
323080;2025;2;22378580460.16
323080;2025;3;33281995688.65
323268;2023;4;2415518387.94
323268;2025;1;815399428.77
323268;2025;2;1530207989.03
323268;2025;3;2283144767.08
323357;2023;4;518183525.72
323357;2025;1;196375482.69
323357;2025;2;345510876.09
323357;2025;3;518117761.3
323926;2023;4;587285608.43
323926;2025;1;226862452.78
323926;2025;2;403952256.74
323926;2025;3;585064049.21
323942;2023;4;315805430.21
323942;2025;1;87190874.38
323942;2025;2;166932999.96
323942;2025;3;245793166.87
323993;2023;4;2350900480.3
323993;2025;1;435883991.44
323993;2025;2;864776365.0
323993;2025;3;1333020906.74
324159;2023;4;426181081.34
324159;2025;1;152845273.02
324159;2025;2;293781856.77
324159;2025;3;445339103.34
324175;2023;4;220738188.58
324175;2025;1;66813518.32
324175;2025;2;129180292.29
324175;2025;3;204712004.12
324213;2023;4;123121514.11
324213;2025;1;95224182.37
324213;2025;2;103115075.27
324213;2025;3;111192600.11
324299;2023;4;243518244.72
324299;2025;1;78737065.17
324299;2025;2;136612839.07
324299;2025;3;181665703.07
324345;2023;4;893287247.8
324345;2025;1;325498461.24
324345;2025;2;598425605.72
324345;2025;3;894055134.71
324361;2023;4;1855836491.42
324361;2025;1;599993135.33
324361;2025;2;1099125427.62
324361;2025;3;1597475737.15
324477;2023;4;2718614715.06
324477;2025;1;784784177.91
324477;2025;2;1322993708.54
324477;2025;3;1902306927.99
324493;2023;4;1198990884.55
324493;2025;1;465769402.2
324493;2025;2;841947154.2
324493;2025;3;1240699064.97
324523;2023;4;560315.72
324523;2025;1;130919.54
324523;2025;2;152922.48
324523;2025;3;170172.35
324566;2023;4;644695878.62
324566;2025;1;226952735.08
324566;2025;2;408358202.61
324566;2025;3;583955251.26
324710;2023;4;124256.18
325031;2023;4;537095983.7
325031;2025;1;187090120.19
325031;2025;2;350618562.04
325031;2025;3;502332392.4
325082;2023;4;140648120.5
325082;2025;1;63367504.36
325082;2025;2;79706275.33
325082;2025;3;124588455.26
325236;2023;4;456187229.25
325236;2025;1;209598917.21
325236;2025;2;386824366.3
325236;2025;3;601131831.43
325465;2023;4;227318501.2
325465;2025;1;86325324.45
325465;2025;2;147823198.15
325465;2025;3;220813776.07
325571;2023;4;7313957710.84
325571;2025;1;2127557933.02
325571;2025;2;4120299238.91
325571;2025;3;6269199183.03
326089;2023;4;254077323.59
326305;2023;4;160403218564.9
326305;2025;1;55750324684.09
326305;2025;2;98893714005.06
326305;2025;3;142083821419.42
326500;2023;4;2154197235.55
326500;2025;1;811550643.46
326500;2025;2;1503811498.01
326500;2025;3;2193969433.63
326755;2023;4;996713910.31
326755;2025;1;452618883.45
326755;2025;2;886050448.07
326755;2025;3;1327348319.72
326861;2023;4;2189085572.94
326861;2025;1;633272329.3
326861;2025;2;1191248226.82
326861;2025;3;1719078310.94
327093;2023;4;38212049.81
327328;2023;4;7971864.9
327328;2025;1;2548701.49
327328;2025;2;4726627.39
327328;2025;3;7352567.98
327352;2023;4;286140199.91
327352;2025;1;103813328.77
327352;2025;2;181509559.02
327352;2025;3;268334587.66
327417;2023;4;1715257168.94
327417;2025;1;524581615.22
327417;2025;2;999785545.03
327417;2025;3;1502390035.85
327441;2023;4;21760944.79
327468;2023;4;138275771.03
327468;2025;1;66572035.63
327468;2025;2;109359622.86
327468;2025;3;163999438.47
327557;2023;4;699469737.53
327557;2025;1;249710590.88
327557;2025;2;447030770.68
327557;2025;3;630060310.88
327638;2023;4;112879266.26
327638;2025;1;41721486.72
327638;2025;2;72661424.25
327638;2025;3;112022110.97
327689;2023;4;6232926566.96
327689;2025;1;2272038824.09
327689;2025;2;4116923998.37
327689;2025;3;6007597010.37
327867;2023;4;22739567.97
328031;2023;4;-9618103.43
328031;2025;1;-6083733.28
328031;2025;2;-14862552.45
328031;2025;3;-14862552.45
328073;2023;4;420746698.52
328294;2023;4;935114423.18
328294;2025;1;292861181.44
328294;2025;2;509924607.13
328294;2025;3;734383660.41
328308;2023;4;264053320.56
328308;2025;1;88220570.65
328308;2025;2;173148010.05
328308;2025;3;264982573.66
328375;2023;4;196696587.09
328375;2025;1;66486274.98
328375;2025;2;118091765.54
328375;2025;3;175111470.53
328537;2023;4;932510158.17
328537;2025;1;396514315.92
328537;2025;2;706521149.64
328537;2025;3;1055969980.97
329339;2023;4;2286243345.68
329339;2025;1;684446606.8
329339;2025;2;1327082540.21
329339;2025;3;1995303947.16
329355;2023;4;289713876.11
329355;2025;1;100574491.38
329355;2025;2;197625344.95
329355;2025;3;304478964.57
329665;2023;4;240851410.29
329665;2025;2;125848536.77
329665;2025;3;216535782.61
329886;2023;4;707775942.43
329886;2025;1;213587753.37
329886;2025;2;410330145.7
329886;2025;3;619368036.17
329967;2023;4;839126.13
330108;2023;4;696353314.48
330108;2025;1;274595614.9
330108;2025;2;505344652.95
330108;2025;3;741946181.57
330116;2023;4;277387840.35
330116;2025;1;101842410.18
330116;2025;2;185109029.86
330116;2025;3;268484812.58
330264;2023;4;769785981.3
330264;2025;1;257612634.19
330264;2025;2;495259216.7
330264;2025;3;747456567.21
330281;2023;4;326190233.77
330281;2025;1;100838055.61
330281;2025;2;189375224.84
330281;2025;3;280437253.65
330566;2023;4;843312993.83
330566;2025;1;229055464.98
330566;2025;2;459703568.48
330566;2025;3;705313181.77
330809;2023;4;727879588.11
330809;2025;1;269111618.41
330809;2025;2;392843559.69
330809;2025;3;579992276.39
330892;2023;4;146888470.27
330892;2025;1;54352371.82
330892;2025;2;103763010.03
330892;2025;3;150958066.68
331104;2023;4;20969740.47
331104;2025;1;10158863.79
331104;2025;2;13271872.57
331104;2025;3;19494614.5
331317;2023;4;2687022142.05
331317;2025;1;715667758.02
331317;2025;2;1378138609.59
331317;2025;3;2040790055.45
331341;2023;4;1578123172.56
331341;2025;1;472414371.29
331341;2025;2;898947856.26
331341;2025;3;1345188435.23
331651;2023;4;640438728.68
331651;2025;1;209585336.96
331651;2025;2;390881447.4
331651;2025;3;573119564.92
331872;2023;4;4240136033.42
331872;2025;1;1462126449.89
331872;2025;2;2691497347.17
331872;2025;3;3989607131.64
331988;2023;4;3793712544.39
331988;2025;1;1285654876.31
331988;2025;2;2167263916.18
331988;2025;3;3088715159.84
333051;2023;4;1801494446.89
333051;2025;1;558909602.99
333051;2025;2;1086139022.4
333051;2025;3;1609559138.8
333239;2023;4;13172703.74
333239;2025;1;2811423.07
333239;2025;2;5182904.38
333239;2025;3;7650150.02
333620;2023;4;16559385.35
333662;2023;4;1414364929.35
333662;2025;1;444465093.24
333662;2025;2;835322857.04
333662;2025;3;1257640537.0
333689;2023;4;2497015336.03
333689;2025;1;881249626.01
333689;2025;2;1471998633.36
333689;2025;3;1907702007.07
333808;2023;4;330888719.38
333808;2025;1;114098589.97
333808;2025;2;213554288.27
333808;2025;3;331111793.38
333867;2023;4;100051163.71
333867;2025;1;40177429.6
333867;2025;2;67229806.11
333867;2025;3;92877231.07
333875;2023;4;438390242.59
333875;2025;1;104672123.76
333875;2025;2;197213056.97
333875;2025;3;299342441.9
334154;2023;4;601156176.02
334154;2025;1;210668856.2
334154;2025;2;387375881.16
334154;2025;3;575694836.21
334243;2023;4;61309923.83
334243;2025;1;14584854.94
334243;2025;2;29770708.12
334243;2025;3;45626692.84
334511;2023;4;28948043.92
334511;2025;1;12491955.18
334511;2025;2;14992513.49
334511;2025;3;14456470.95
334561;2023;4;5055342367.34
334561;2025;1;1582535214.52
334561;2025;2;2989986397.31
334561;2025;3;4522291476.38
334847;2023;4;146265833.54
334847;2025;1;53647114.17
334847;2025;2;89934141.54
334847;2025;3;137538578.56
335100;2023;4;7892337410.15
335100;2025;1;2992168140.78
335100;2025;2;5530522707.1
335100;2025;3;8282443851.03
335215;2023;4;971535270.34
335215;2025;1;329116200.1
335215;2025;2;629344637.47
335215;2025;3;927259341.65
335258;2023;4;183014513.3
335258;2025;1;53932677.51
335258;2025;2;96697144.49
335258;2025;3;144964313.98
335479;2023;4;2900770413.21
335479;2025;1;912604677.92
335479;2025;2;1692496108.58
335479;2025;3;2395759577.67
335517;2023;4;878419185.83
335517;2025;1;217622257.68
335517;2025;2;386991396.1
335517;2025;3;574811975.81
335525;2023;4;26659901.18
335541;2023;4;428527141.73
335541;2025;1;192911661.72
335541;2025;2;302435241.46
335541;2025;3;396137913.92
335592;2023;4;8420655039.52
335592;2025;1;2670136465.32
335592;2025;2;4837600090.98
335592;2025;3;7113232289.8
335614;2023;4;6646794000.02
335614;2025;1;3683561424.4
335614;2025;2;7008883879.13
335614;2025;3;11005886520.77
335657;2023;4;222154497.99
335657;2025;1;57289735.37
335657;2025;2;111946443.69
335657;2025;3;166852521.8
335690;2023;4;20991062702.56
335690;2025;1;6713397663.93
335690;2025;2;12819246488.39
335690;2025;3;19097244853.02
335754;2023;4;678667592.87
335754;2025;1;221832306.43
335754;2025;2;415539097.25
335754;2025;3;628922158.37
335789;2023;4;225011545.31
335789;2025;1;72096824.23
335789;2025;2;117946816.13
335789;2025;3;168353634.22
336017;2023;4;28430148.26
336017;2025;1;15899384.46
336017;2025;2;18626281.37
336017;2025;3;28892880.27
336025;2023;4;2555774.91
336106;2023;4;2491967544.57
336106;2025;1;845768048.79
336106;2025;2;1559651093.75
336106;2025;3;2285650532.76
336238;2023;4;2136852.14
336467;2023;4;125419446.46
336467;2025;1;44516213.61
336467;2025;2;77038361.05
336467;2025;3;117603396.27
336831;2023;4;897237517.7
336831;2025;1;271904342.67
336831;2025;2;535793987.37
336831;2025;3;818899207.77
336858;2023;4;686253820.38
336858;2025;1;2168608280.87
336858;2025;2;7012313684.68
336858;2025;3;7219826357.86
336874;2023;4;10269953.12
337188;2023;4;1875746864.84
337188;2025;1;678980440.32
337188;2025;2;1306758067.76
337188;2025;3;1914925596.16
337374;2023;4;2125369927.5
337374;2025;1;698040488.1
337374;2025;2;1319447721.38
337374;2025;3;1965265926.47
337498;2023;4;645827324.96
337498;2025;1;173806658.89
337498;2025;2;302181000.12
337498;2025;3;441540126.33
337561;2023;4;129522045.74
337561;2025;1;41158521.33
337561;2025;2;76077015.37
337561;2025;3;111858826.89
337668;2023;4;4007345012.29
337668;2025;1;1360154183.92
337668;2025;2;2348310252.58
337668;2025;3;3345718160.96
337871;2023;4;1216049100.44
337871;2025;1;455846861.6
337871;2025;2;805489341.24
337871;2025;3;1177107094.99
338346;2023;4;213363027.59
338346;2025;1;154867964.44
338346;2025;2;299989531.46
338346;2025;3;446895419.95
338648;2023;4;1155813854.71
338648;2025;1;502653706.46
338648;2025;2;716491941.16
338648;2025;3;1040625037.81
339458;2023;4;47402438.37
339458;2025;1;13679762.14
339458;2025;2;25214114.47
339458;2025;3;36617034.21
339636;2023;4;407801706.27
339679;2023;4;59269228468.06
339679;2025;1;19173205809.07
339679;2025;2;33050967158.07
339679;2025;3;46852425771.6
339954;2023;4;4794388749.22
339954;2025;1;1610676856.88
339954;2025;2;2932915805.49
339954;2025;3;4353286112.55
340120;2023;4;24626674.33
340162;2023;4;49706564.65
340162;2025;1;19327744.82
340162;2025;2;28128484.76
340162;2025;3;27014758.32
340251;2023;4;395113362.21
340251;2025;1;183399207.76
340251;2025;2;331178548.42
340251;2025;3;467136018.46
340782;2023;4;6767220794.95
340782;2025;1;1565506344.36
340782;2025;2;3323341423.09
340782;2025;3;4740344669.05
340952;2023;4;2738998793.31
340952;2025;1;896161340.01
340952;2025;2;1714548401.78
340952;2025;3;2536385199.13
341819;2023;4;5196462.02
341819;2025;1;2496048.76
341819;2025;2;3179356.57
341819;2025;3;4628773.6
341894;2023;4;7364275.08
341941;2023;4;162114725.85
341941;2025;1;48388526.9
341941;2025;2;84802852.68
341941;2025;3;118785784.68
342033;2023;4;3449399872.26
342033;2025;1;1851863983.2
342033;2025;2;3362449336.76
342033;2025;3;4988266402.0
342084;2023;4;9508673841.32
342084;2025;1;3230211827.74
342084;2025;2;5761670046.38
342084;2025;3;8290389194.14
342131;2023;4;279333069.93
342131;2025;1;97027067.51
342131;2025;2;173659403.83
342131;2025;3;307948757.05
342157;2023;4;111717411.75
342157;2025;1;31195219.79
342157;2025;2;62694090.41
342157;2025;3;95648943.7
342203;2023;4;128186029.89
342203;2025;1;46445428.1
342203;2025;2;83395281.66
342203;2025;3;121923670.05
342335;2023;4;15524497.74
342343;2023;4;489322344.39
342343;2025;1;155516998.1
342343;2025;2;270363905.98
342343;2025;3;387743368.42
342386;2023;4;290788666.76
342386;2025;1;129178565.53
342386;2025;2;232970009.35
342386;2025;3;345518672.35
342556;2023;4;1608634415.14
342556;2025;1;470235149.24
342556;2025;2;955397026.45
342556;2025;3;1472272798.42
342611;2023;4;1231427632.39
342611;2025;1;334717868.25
342611;2025;2;666629323.72
342611;2025;3;998105374.66
342807;2023;4;1275911899.7
342807;2025;1;407179355.71
342807;2025;2;755008815.44
342807;2025;3;1129904521.74
342955;2023;4;31112798.82
342955;2025;1;10557971.9
342955;2025;2;19868798.97
342955;2025;3;29611567.44
343056;2023;4;31080468.12
343056;2025;1;10724755.62
343056;2025;2;19458084.06
343056;2025;3;29391919.65
343064;2023;4;604794302.36
343064;2025;1;193334543.1
343064;2025;2;355428237.31
343064;2025;3;511851449.87
343129;2023;4;205303247.98
343129;2025;1;71962935.25
343129;2025;2;125104733.89
343129;2025;3;182522911.54
343153;2023;4;90494934.26
343153;2025;1;31914073.02
343153;2025;2;54718115.42
343153;2025;3;75264587.09
343269;2023;4;6679580569.19
343269;2025;1;2314248783.68
343269;2025;2;4209909310.93
343269;2025;3;6273799469.61
343331;2023;4;547575120.17
343331;2025;1;201969053.32
343331;2025;2;347496081.74
343331;2025;3;497611939.36
343404;2023;4;22126318.07
343404;2025;1;5439876.03
343404;2025;2;10182799.04
343404;2025;3;14327587.24
343463;2023;4;509899920.48
343463;2025;1;168421568.79
343463;2025;2;315566204.54
343463;2025;3;481646407.61
343676;2023;4;452275552.21
343676;2025;1;146456278.2
343676;2025;2;267405680.7
343676;2025;3;394983464.12
343684;2023;4;371265294.97
343684;2025;1;145569730.45
343684;2025;2;254255921.31
343684;2025;3;374081157.65
343722;2023;4;120602919.04
343722;2025;1;36665844.55
343722;2025;2;70498385.36
343722;2025;3;104022811.76
343731;2023;4;8086742478.1
343731;2025;1;2617966981.67
343731;2025;2;4105821136.47
343731;2025;3;6066203724.7
343765;2023;4;188620604.35
343765;2025;1;65326728.67
343765;2025;2;121947210.55
343765;2025;3;178146835.62
343889;2023;4;40247536538.74
343889;2025;1;13116434990.68
343889;2025;2;24206059499.62
343889;2025;3;36206989872.92
343919;2023;4;7644062.01
344095;2023;4;3607417.52
344141;2023;4;72274642.46
344141;2025;1;15177726.81
344141;2025;2;27420808.8
344141;2025;3;41558463.55
344184;2023;4;31947805.18
344184;2025;1;9691805.99
344184;2025;2;20661715.44
344184;2025;3;27851329.31
344362;2023;4;1565448593.58
344362;2025;1;426126193.78
344362;2025;2;791451089.77
344362;2025;3;1151140685.18
344397;2023;4;2881008613.3
344397;2025;1;977938404.93
344397;2025;2;1719242154.81
344397;2025;3;2405398027.08
344443;2023;4;10912252.69
344451;2023;4;156301432.96
344451;2025;1;45587858.38
344451;2025;2;91110272.1
344451;2025;3;140711897.62
344486;2023;4;8583594.69
344583;2023;4;1399888.17
344681;2023;4;18327121.45
344729;2023;4;985525778.7
344729;2025;1;406148417.35
344729;2025;2;698547370.94
344729;2025;3;992893448.92
344788;2023;4;120179394.84
344788;2025;1;37306666.15
344788;2025;2;72642827.06
344788;2025;3;104959484.28
344800;2023;4;2255898699.19
344800;2025;1;666757534.9
344800;2025;2;1227407806.38
344800;2025;3;1793164440.63
344885;2023;4;10798075054.43
344885;2025;1;3698788385.72
344885;2025;2;6539544355.76
344885;2025;3;9722469399.91
344915;2023;4;39866507.79
344915;2025;1;12677896.88
344915;2025;2;19747523.23
344915;2025;3;27010428.09
345091;2023;4;409343224.22
345091;2025;1;131454105.32
345091;2025;2;261753792.46
345091;2025;3;389807359.37
345318;2023;4;150671909.89
345318;2025;1;46644262.74
345318;2025;2;86482529.74
345318;2025;3;124604504.0
345458;2023;4;507879030.73
345458;2025;1;164151639.2
345458;2025;2;305928078.53
345458;2025;3;457177144.92
345598;2023;4;1214211734.04
345598;2025;1;514665606.89
345598;2025;2;932002101.76
345598;2025;3;1409338101.83
345709;2023;4;949152525.65
345709;2025;1;314570100.05
345709;2025;2;578628686.7
345709;2025;3;874645370.14
345741;2023;4;90010681.95
345741;2025;1;13876323.34
345741;2025;2;14397974.95
345741;2025;3;14491176.19
345776;2023;4;402522791.37
345776;2025;1;127064075.46
345776;2025;2;241878955.14
345776;2025;3;352239715.34
346004;2023;4;128569970.26
346004;2025;1;40834958.19
346004;2025;2;79973177.23
346004;2025;3;119235199.42
346209;2023;4;771033373.37
346209;2025;1;292151091.86
346209;2025;2;507136647.24
346209;2025;3;726330538.97
346276;2023;4;1594916068.52
346276;2025;1;620701337.51
346276;2025;2;1162178964.63
346276;2025;3;1726497398.26
346659;2023;4;53952423508.94
346659;2025;1;17945292316.69
346659;2025;2;32695856447.33
346659;2025;3;47807714117.74
346870;2023;4;128562212.91
346870;2025;1;71379623.16
346926;2023;4;7956886678.58
346926;2025;1;3250063923.8
346926;2025;2;5624608693.78
346926;2025;3;8159632532.11
346951;2023;4;424207965.94
346951;2025;1;139641337.89
346951;2025;2;265164173.59
346951;2025;3;401020460.99
347108;2023;4;405656485.52
347108;2025;1;131727915.56
347108;2025;2;234240949.36
347108;2025;3;345935431.06
347183;2023;4;18766270.94
347302;2023;4;7256940.43
347477;2023;4;28961031.63
347507;2023;4;1486960792.69
347507;2025;1;521021938.58
347507;2025;2;963735155.37
347507;2025;3;1416565269.44
347604;2023;4;74330913.01
347604;2025;1;21246325.9
347604;2025;2;40496042.32
347604;2025;3;60540607.92
347655;2023;4;754908499.02
347655;2025;1;228973569.0
347655;2025;2;452283930.75
347655;2025;3;712188610.72
347736;2023;4;294539212.14
347736;2025;1;102024551.3
347736;2025;2;177297799.36
347736;2025;3;253260523.55
347795;2023;4;52718232.24
347795;2025;1;15548767.82
347795;2025;2;27958694.19
347795;2025;3;39836019.19
347825;2023;4;149651821.79
347825;2025;1;27559873.67
347825;2025;2;47384975.05
347825;2025;3;69692072.49
348082;2023;4;1613525120.42
348082;2025;1;566578235.19
348082;2025;2;1025408669.52
348082;2025;3;1526118906.07
348180;2023;4;2361818535.82
348180;2025;1;1039820097.56
348180;2025;2;1784197012.0
348180;2025;3;2490098971.03
348244;2023;4;732718727.57
348244;2025;1;258038770.33
348244;2025;2;457676526.26
348244;2025;3;666704524.0
348261;2023;4;355442090.88
348261;2025;1;127844594.26
348261;2025;2;235896695.3
348261;2025;3;347597002.2
348295;2023;4;6728717197.38
348295;2025;1;2100230277.89
348295;2025;2;4244071263.34
348295;2025;3;6478939726.71
348520;2023;4;7560908498.17
348520;2025;1;2270836056.82
348520;2025;2;4443780527.81
348520;2025;3;6286618784.62
348830;2023;4;1318631885.71
348830;2025;1;513565699.97
348830;2025;2;955965653.46
348830;2025;3;1374179861.75
349011;2023;4;14534102.18
349283;2023;4;1105481.31
349291;2023;4;9901966.6
349534;2023;4;887754234.46
349534;2025;1;295839382.3
349534;2025;2;569946031.39
349682;2023;4;2182150895.07
349682;2025;1;689959846.57
349682;2025;2;1384750247.4
349682;2025;3;2119072790.13
349712;2023;4;2096796416.7
349712;2025;1;847328435.19
349712;2025;2;1526625431.28
349712;2025;3;2245952531.77
350141;2023;4;2899459346.22
350141;2025;1;1019301202.94
350141;2025;2;1817460026.02
350141;2025;3;2622829233.92
350249;2023;4;2217710961.66
350249;2025;1;2036306257.89
350249;2025;2;2654085557.75
350249;2025;3;3205150888.3
350290;2023;4;6658127.48
350346;2023;4;394318866.06
350346;2025;1;68161666.97
350346;2025;2;107045137.55
350346;2025;3;150959873.77
350371;2023;4;1551861282.2
350371;2025;1;575418911.71
350371;2025;2;1030514911.92
350371;2025;3;1510181062.63
350494;2023;4;629300377.59
350494;2025;1;173176859.08
350494;2025;2;345907501.41
350494;2025;3;526765638.0
350630;2023;4;22475566.35
350648;2023;4;215085788.86
350648;2025;1;80492578.25
350648;2025;2;146197895.34
350648;2025;3;218978872.13
350699;2023;4;550090722.94
350699;2025;1;227438749.62
350699;2025;2;482097140.37
350699;2025;3;713382399.53
350729;2023;4;22346363.43
350770;2023;4;28814416.15
350770;2025;1;10935419.76
350770;2025;2;20605241.31
350770;2025;3;30314700.29
351202;2023;4;5164319215.94
351202;2025;1;1818525210.24
351202;2025;2;3486661268.5
351202;2025;3;5211575437.06
351270;2023;4;226715336.75
351270;2025;1;80295712.92
351270;2025;2;152923217.06
351270;2025;3;226262002.51
351351;2023;4;10146816.17
351407;2023;4;911791097.6
351407;2025;1;312412882.67
351407;2025;2;542678618.66
351407;2025;3;808456292.6
351628;2023;4;1944620.44
351776;2023;4;191058275.18
351776;2025;1;83966651.14
351776;2025;2;145745063.25
351776;2025;3;193710599.21
351792;2023;4;693115349.11
351792;2025;1;8941160.06
351792;2025;2;3854029.84
352152;2023;4;12319176.45
352179;2023;4;735512776.43
352179;2025;1;213080700.01
352179;2025;2;378688908.93
352179;2025;3;563083687.12
352314;2023;4;616694224.38
352314;2025;1;230343268.47
352314;2025;2;398747350.45
352314;2025;3;589932902.56
352331;2023;4;7104183927.65
352331;2025;1;2028092105.4
352331;2025;2;4062253070.69
352331;2025;3;6271490212.76
352501;2023;4;24539610874.29
352501;2025;1;8324440315.32
352501;2025;2;15601826245.68
352501;2025;3;23307404006.0
352519;2023;4;132395555.49
352519;2025;1;56737869.74
352519;2025;2;92266329.79
352519;2025;3;121051789.1
352543;2023;4;1430233842.99
352543;2025;1;429425476.3
352543;2025;2;877403495.11
352543;2025;3;1462011819.79
352586;2023;4;642283255.48
352586;2025;1;224431687.55
352586;2025;2;337072372.39
352586;2025;3;476807081.76
352683;2023;4;1864224995.69
352683;2025;1;596960089.08
352683;2025;2;1116934925.95
352683;2025;3;1662184176.43
352861;2023;4;130488892.58
353027;2023;4;486256223.37
353027;2025;1;146342569.9
353027;2025;2;281375386.7
353027;2025;3;418791314.38
353060;2023;4;1680505389.91
353060;2025;1;603207838.84
353060;2025;2;1094536038.81
353060;2025;3;1617852122.36
353264;2023;4;184794370.28
353264;2025;1;50575923.27
353264;2025;2;100155245.99
353264;2025;3;149451647.16
353353;2023;4;3827248422.85
353353;2025;1;1211365584.22
353353;2025;2;2283177506.56
353353;2025;3;3397448996.37
353477;2023;4;1433276.14
353663;2023;4;2736217959.25
353663;2025;1;949970595.2
353663;2025;2;1775628350.02
353663;2025;3;2662520456.6
353698;2023;4;148688039.34
353698;2025;1;48052231.03
353698;2025;2;94288801.21
353698;2025;3;141892773.72
353752;2023;4;17371131.34
353876;2023;4;251619321.04
353876;2025;1;95768147.17
353876;2025;2;171085050.87
353876;2025;3;241830467.69
353892;2023;4;858394.39
354031;2023;4;3186151164.72
354031;2025;1;1023040510.53
354031;2025;2;1980673659.82
354031;2025;3;3000610741.6
354066;2023;4;2612353681.91
354066;2025;1;916336015.68
354066;2025;2;1662921903.13
354066;2025;3;2478422309.7
354279;2023;4;571129325.76
354279;2025;1;197010340.29
354279;2025;2;345699775.49
354279;2025;3;490974492.05
354295;2023;4;1834455533.68
354295;2025;1;570976371.42
354295;2025;2;1128729917.84
354295;2025;3;1702440783.59
354325;2023;4;526080772.97
354325;2025;1;195856775.07
354325;2025;2;340168639.38
354325;2025;3;508633546.55
354511;2023;4;1156571607.5
354511;2025;1;333717736.01
354511;2025;2;621779224.23
354511;2025;3;935295669.46
354562;2023;4;1081584482.07
354562;2025;1;366220080.66
354562;2025;2;785645443.96
354562;2025;3;1233793381.43
354619;2023;4;223284939.99
354619;2025;1;72189175.09
354619;2025;2;143279648.84
354619;2025;3;216412582.64
354627;2023;4;387302027.88
354627;2025;1;14365090812.66
354627;2025;2;14473168084.67
354627;2025;3;14584335349.76
354678;2023;4;141499545.99
354678;2025;1;46739530.16
354678;2025;2;81684481.57
354678;2025;3;121005757.9
354686;2023;4;26635912.55
354783;2023;4;2139451150.66
354783;2025;1;736311310.6
354783;2025;2;1418959082.86
354783;2025;3;2136948934.7
354996;2023;4;205707784.91
354996;2025;1;92094868.06
354996;2025;2;159513237.92
354996;2025;3;230215575.9
355097;2023;4;5689344359.21
355097;2025;1;1775805798.68
355097;2025;2;3509432845.01
355097;2025;3;5095938130.37
355151;2023;4;2499312531.47
355151;2025;1;750720344.48
355151;2025;2;1405512979.35
355151;2025;3;2044281283.77
355577;2023;4;519932186.09
355577;2025;1;178435775.36
355577;2025;2;314103754.5
355577;2025;3;467698316.21
355593;2023;4;339722789.67
355593;2025;1;127966959.49
355593;2025;2;229722168.8
355593;2025;3;347294247.28
355691;2023;4;4449677884.55
355691;2025;1;1575797882.06
355691;2025;2;2860937069.88
355691;2025;3;4260387553.55
355721;2023;4;6034644854.46
355721;2025;1;1886276270.0
355721;2025;2;3555042402.46
355721;2025;3;5313063805.07
356123;2023;4;1234060224.04
356123;2025;1;342420534.72
356123;2025;2;666285129.55
356123;2025;3;1030098046.4
356417;2023;4;2864455277.4
356417;2025;1;882993090.86
356417;2025;2;1735623253.77
356417;2025;3;2626665283.91
356476;2023;4;974402445.64
356476;2025;1;298939463.15
356476;2025;2;543722600.88
356476;2025;3;805962319.97
356581;2023;4;419616125.73
356581;2025;1;154791676.75
356581;2025;2;271724074.56
356581;2025;3;390849288.37
357022;2023;4;561820888.54
357022;2025;1;201103476.59
357022;2025;2;373192247.84
357022;2025;3;544320543.95
357138;2023;4;1075287245.83
357138;2025;1;360240987.82
357138;2025;2;669910070.32
357138;2025;3;996611725.88
357260;2023;4;1306940986.0
357260;2025;1;443181695.1
357260;2025;2;831389831.79
357260;2025;3;1214629933.52
357391;2023;4;13864553691.16
357391;2025;1;4407555489.66
357391;2025;2;7947336621.35
357391;2025;3;11988896454.3
357511;2023;4;5979419683.5
357511;2025;1;2336097106.84
357511;2025;2;4255266326.34
357511;2025;3;6189006655.89
357669;2023;4;136998728.27
357669;2025;1;45838157.77
357669;2025;2;82016608.94
357669;2025;3;116423069.76
357715;2023;4;221663088.36
357715;2025;1;99024958.81
357715;2025;2;179100836.92
357715;2025;3;265253861.35
358053;2023;4;72673333.54
358053;2025;1;155274516.81
358053;2025;2;526465337.46
358053;2025;3;1074674749.34
358088;2023;4;1516131096.86
358088;2025;1;515003194.96
358088;2025;2;949140655.62
358088;2025;3;1397572037.76
358096;2023;4;696074211.26
358096;2025;1;228008410.64
358096;2025;2;414798199.14
358096;2025;3;602819070.66
358282;2023;4;345470933.76
358282;2025;1;114218667.22
358282;2025;2;200786874.4
358282;2025;3;303408269.13
358339;2023;4;58968492.35
358339;2025;1;17915133.38
358339;2025;2;30156163.13
358339;2025;3;42553091.5
358436;2023;4;148827460.98
358436;2025;1;40253016.92
358436;2025;2;81675151.0
358436;2025;3;124297885.82
358754;2023;4;543767777.73
358754;2025;1;127905448.47
358754;2025;2;244408257.35
358754;2025;3;308416179.71
359017;2023;4;79228341211.23
359017;2025;1;22307114934.68
359017;2025;2;46150782481.58
359017;2025;3;66465961700.3
359033;2023;4;256925740.37
359033;2025;1;97378779.77
359033;2025;2;173757204.24
359033;2025;3;265872142.87
359122;2023;4;776055189.83
359122;2025;1;212375766.09
359122;2025;2;386968771.42
359122;2025;3;577106440.81
359289;2023;4;1336368703.76
359289;2025;1;554583548.63
359289;2025;2;930067021.93
359394;2023;4;19177686.94
359459;2023;4;1511777.5
359661;2023;4;14745360577.64
359661;2025;1;5013532151.78
359661;2025;2;9659679182.8
359661;2025;3;14719805376.84
359726;2023;4;2559832.71
359777;2023;4;1681440134.29
359777;2025;1;592127206.69
359777;2025;2;1084062039.27
359777;2025;3;1597592517.11
360244;2023;4;1945420543.55
360244;2025;1;613652397.51
360244;2025;2;1138794175.27
360244;2025;3;1669854102.93
360414;2023;4;416068405.38
360414;2025;1;148975916.07
360414;2025;2;274510919.9
360414;2025;3;378466884.61
360449;2023;4;9806243655.47
360449;2025;1;2995109285.59
360449;2025;2;5468257221.05
360449;2025;3;8189166044.02
360783;2023;4;79095589.24
360783;2025;1;22728567.18
360783;2025;2;45156028.62
360783;2025;3;72442151.57
361011;2023;4;3223073968.82
361011;2025;1;1277335342.61
361011;2025;2;2199382293.06
361011;2025;3;3195179144.44
361461;2023;4;516583392.37
361461;2025;1;193431768.13
361461;2025;2;338162261.64
361461;2025;3;500675130.22
361569;2023;4;119972622.24
361569;2025;1;34450115.92
361569;2025;2;57784564.95
361569;2025;3;84103435.09
361593;2023;4;122171487.41
361593;2025;1;27711546.87
361593;2025;2;53195092.51
361593;2025;3;80426604.06
361615;2023;4;769490228.58
361615;2025;1;263721197.03
361615;2025;2;484721359.32
361615;2025;3;709537217.41
361941;2023;4;587804012.83
361941;2025;1;209648715.44
361941;2025;2;379907472.16
361941;2025;3;551055028.43
362140;2023;4;757079224.56
362140;2025;1;259253901.27
362140;2025;2;417153272.23
362140;2025;3;596748666.81
362573;2023;4;279862126.77
362573;2025;1;97915675.52
362573;2025;2;183818153.61
362573;2025;3;281993632.5
362824;2023;4;2864891.88
362832;2023;4;248023594.28
362832;2025;1;86408998.3
362832;2025;2;157449403.49
362832;2025;3;241268342.01
363171;2023;4;21280720.43
363189;2023;4;59147118.51
363189;2025;1;25438967.28
363189;2025;2;43428530.11
363189;2025;3;62127828.36
363286;2023;4;570077168.02
363286;2025;1;151973689.56
363286;2025;2;239002207.29
363286;2025;3;333317270.47
363391;2023;4;63964558.22
363391;2025;1;30419603.7
363391;2025;2;47958612.92
363391;2025;3;65518080.91
363766;2023;4;1845034402.26
363855;2023;4;648293959.24
363855;2025;1;226662030.27
363855;2025;2;385268697.21
363855;2025;3;575817115.39
364070;2023;4;173435129.13
364070;2025;1;65017367.83
364070;2025;2;123191536.11
364070;2025;3;181186676.98
364312;2023;4;2276316480.12
364312;2025;1;728120685.82
364312;2025;2;1430107898.46
364312;2025;3;2139735596.2
364584;2023;4;3140781126.11
364584;2025;1;954936975.39
364584;2025;2;1802434637.76
364584;2025;3;2652891363.27
364592;2023;4;250570249.96
364592;2025;1;119873861.77
364592;2025;2;217890455.37
364592;2025;3;307358328.57
364860;2023;4;1212555732.09
364860;2025;1;425398269.33
364860;2025;2;802245007.22
364860;2025;3;1213658499.71
365238;2023;4;417549059.07
365238;2025;1;150616298.52
365238;2025;2;279875648.03
365238;2025;3;408743272.45
365297;2023;4;5835974.24
365530;2023;4;325123717.5
365530;2025;1;101076826.58
365530;2025;2;186658548.94
365530;2025;3;278977084.72
365645;2023;4;4485553.95
365645;2025;1;31722617.46
365645;2025;2;31722617.46
365645;2025;3;40511127.13
365777;2023;4;550110755.8
365777;2025;1;180522076.37
365777;2025;2;334357486.57
365777;2025;3;511053443.47
365785;2023;4;39818555.82
365785;2025;1;10342215.28
365785;2025;2;19837580.1
365785;2025;3;29680088.19
366064;2023;4;544943338.26
366064;2025;1;168631477.45
366064;2025;2;317082664.89
366064;2025;3;467829750.26
366340;2023;4;308842016.07
366340;2025;1;113895585.18
366340;2025;2;210333890.84
366340;2025;3;306109568.73
366439;2023;4;131964595.04
366439;2025;1;39494298.39
366439;2025;2;81214244.81
366439;2025;3;136548758.74
366510;2023;4;3737880.69
366561;2023;4;1987865010.19
366561;2025;1;697157823.72
366561;2025;2;1276118961.66
366561;2025;3;1824031171.24
367087;2023;4;2039503138.99
367087;2025;1;757802886.9
367087;2025;2;1361207959.22
367087;2025;3;1998703173.0
367095;2023;4;1812717650.18
367095;2025;1;741359950.98
367095;2025;2;1523582951.16
367095;2025;3;2246705274.45
367397;2023;4;2566008455.01
367397;2025;1;719283276.41
367397;2025;2;1323204501.46
367397;2025;3;1937953931.31
367613;2023;4;78153689.69
367613;2025;1;32502537.6
367613;2025;2;52245439.46
367613;2025;3;73552171.24
367966;2023;4;7475166.77
368148;2023;4;484515444.88
368148;2025;1;173054826.92
368148;2025;2;314173137.22
368148;2025;3;464286271.48
368181;2023;4;1132655.19
368253;2023;4;70060388853.49
368253;2025;1;21738923842.29
368253;2025;2;48836823105.03
368253;2025;3;63864768759.76
368555;2023;4;236341391.35
368555;2025;1;58002231.05
368555;2025;2;109948288.71
368555;2025;3;169410681.23
368920;2023;4;596763568.15
368920;2025;1;227243411.67
368920;2025;2;388100252.34
368920;2025;3;581239116.39
369233;2023;4;256876656.27
369292;2023;4;2441458819.38
369292;2025;1;826105554.91
369292;2025;2;1600564521.76
369292;2025;3;2368469725.56
369411;2023;4;1222818441.95
369411;2025;1;474062969.18
369411;2025;2;809775628.27
369411;2025;3;1182176855.44
369462;2023;4;15503663.89
369659;2023;4;3880426091.95
369659;2025;1;1312064393.12
369659;2025;2;2408895236.32
369659;2025;3;3537252571.78
370070;2023;4;3868516587.27
370070;2025;1;1294079958.3
370070;2025;2;2303210691.82
370070;2025;3;3390370498.95
370088;2023;4;431443844.33
370088;2025;1;152170586.98
370088;2025;2;269367844.72
370088;2025;3;399285174.94
370568;2023;4;60620544.07
370568;2025;1;18527207.64
370568;2025;2;35970845.41
370568;2025;3;54248261.88
370592;2023;4;156938714.33
370592;2025;1;47227991.15
370592;2025;2;81454879.15
370592;2025;3;117137979.61
370681;2023;4;1242790946.23
370681;2025;1;420546063.42
370681;2025;2;772973608.18
370681;2025;3;1122305973.34
370711;2023;4;37138956.59
370711;2025;1;13004852.27
370711;2025;2;24057896.2
370711;2025;3;35928771.43
370975;2023;4;359047371.71
370975;2025;1;129370420.57
370975;2025;2;230633327.11
370975;2025;3;317318000.7
371106;2023;4;1453914103.91
371106;2025;1;451805746.6
371106;2025;2;867254642.79
371106;2025;3;1314171561.37
371254;2023;4;5527741260.38
371254;2025;1;1868445371.9
371254;2025;2;3382334464.56
371254;2025;3;5113669166.47
371564;2023;4;215079548.38
371564;2025;1;92974074.02
371564;2025;2;159708156.89
371564;2025;3;225430556.15
371629;2023;4;1297334795.58
371629;2025;1;421103980.21
371629;2025;2;795168104.44
371629;2025;3;1198794117.09
371777;2023;4;1044861644.81
371777;2025;1;308498665.94
371777;2025;2;566036272.33
371777;2025;3;880766981.92
372561;2023;4;528325695.67
372561;2025;1;189981444.47
372561;2025;2;357153152.78
372561;2025;3;529386804.06
372609;2023;4;1426834582.73
372609;2025;1;533672640.47
372609;2025;2;982647814.26
372609;2025;3;1433230574.33
373010;2023;4;1541647956.96
373109;2023;4;26576288.65
373109;2025;2;17259308.66
373109;2025;3;26118792.92
374440;2023;4;306170015.1
374440;2025;1;148687348.36
374440;2025;2;210117138.13
374440;2025;3;282692515.29
378216;2023;4;454735422.98
378216;2025;1;144351629.3
378216;2025;2;251329078.11
378216;2025;3;370455353.13
378682;2023;4;12544566.53
378941;2023;4;6346325.16
379280;2023;4;1280221394.23
379280;2025;1;443288530.26
379280;2025;2;878612123.91
379280;2025;3;1297171356.73
379956;2023;4;13301875070.44
379956;2025;1;5123627811.22
379956;2025;2;9816637322.37
379956;2025;3;14832629350.54
380661;2023;4;2228223635.53
380661;2025;1;955020085.21
380661;2025;2;1596691263.21
380661;2025;3;2063747568.38
381144;2023;4;38349689.87
381144;2025;1;12581938.69
381144;2025;2;23168089.62
381144;2025;3;35741645.0
382281;2023;4;26263538.89
382281;2025;1;11619429.79
382281;2025;2;23640097.64
382281;2025;3;36272067.2
382337;2023;4;18245168.33
382540;2023;4;847310015.54
382540;2025;1;280692895.56
382540;2025;2;527762008.5
382540;2025;3;789295751.05
382639;2023;4;16743173.53
382639;2025;1;4646002.46
382639;2025;2;9369194.46
382639;2025;3;14970815.79
382655;2023;4;56930206.21
382655;2025;1;14232689.67
382655;2025;2;27450386.6
382655;2025;3;41678536.08
382876;2023;4;15599000424.01
382876;2025;1;5910567076.2
382876;2025;2;10780961909.91
382876;2025;3;15483982989.8
383929;2023;4;21188736.9
384577;2023;4;4843281994.48
384577;2025;1;1852969152.91
384577;2025;2;3219662327.89
384577;2025;3;4607496114.27
384704;2023;4;244391517.21
384704;2025;1;66694451.39
384704;2025;2;111895159.71
384704;2025;3;168903204.77
384844;2023;4;754240.54
385255;2023;4;1200707080.71
385255;2025;1;353146788.27
385255;2025;2;652635191.92
385255;2025;3;971563378.92
385620;2023;4;330009589.83
385620;2025;1;126464898.05
385620;2025;2;225901875.38
385620;2025;3;324431145.99
385697;2023;4;2799653678.04
385697;2025;1;1059565365.44
385697;2025;2;1956581972.74
385697;2025;3;2843583474.75
386219;2023;4;2636186.62
386588;2023;4;2055316026.82
386588;2025;1;703485625.77
386588;2025;2;1303299753.7
386588;2025;3;1919537682.04
386596;2023;4;648110623.09
386596;2025;1;310195560.13
386596;2025;2;505946244.0
386596;2025;3;747057997.16
386901;2023;4;212873806.13
386901;2025;1;64934198.22
386901;2025;2;132575327.24
386901;2025;3;213788989.18
387185;2023;4;174186585.56
387185;2025;1;67909480.99
387185;2025;2;113873908.81
387185;2025;3;160092377.19
388092;2023;4;69545945.76
388092;2025;1;21968907.2
388092;2025;2;47712859.33
388092;2025;3;76878824.46
389358;2023;4;127174570.88
389358;2025;1;27843302.56
389358;2025;2;50794361.7
389358;2025;3;170129481.15
389854;2023;4;92124759.8
389854;2025;1;29590312.58
389854;2025;2;59165541.07
389854;2025;3;88712172.28
390259;2023;4;67694895.27
390259;2025;1;22491698.96
390259;2025;2;37948045.13
390259;2025;3;53375884.45
392391;2023;4;622941207.96
392804;2023;4;2793541528.15
392804;2025;1;894217737.48
392804;2025;2;1818158698.5
392804;2025;3;2611467587.02
393321;2023;4;47062279559.93
393321;2025;2;600201122.12
393533;2023;4;61492144.81
393533;2025;1;14248874.74
393533;2025;2;23053591.17
393533;2025;3;57123589.23
394734;2023;4;956251470.24
394734;2025;1;347766333.07
394734;2025;2;470918267.78
394734;2025;3;597175682.22
395480;2023;4;1753198116.6
395480;2025;1;208446280.08
395480;2025;2;356021020.57
395480;2025;3;492988768.85
397245;2023;4;15884742.68
397245;2025;1;4446104.4
397245;2025;2;7818950.28
397245;2025;3;10301114.18
400190;2023;4;253680206.44
400556;2023;4;1585388.47
400572;2023;4;10638951.47
400882;2023;4;1697654.71
401072;2023;4;7560079.85
401081;2023;4;917825641.46
401081;2025;1;266867153.94
401081;2025;2;482579181.93
401081;2025;3;692705299.53
401463;2023;4;6135542.84
401480;2023;4;103346177.45
401480;2025;1;59443404.2
401480;2025;2;100955965.35
401480;2025;3;148477866.59
401871;2023;4;5505064.15
401919;2023;4;1888439.95
402001;2023;4;85870698.02
402001;2025;1;26706496.6
402001;2025;2;47229321.28
402001;2025;3;66848296.67
402010;2023;4;15818823.77
402095;2023;4;15715031.93
402109;2023;4;2471189.52
402206;2023;4;120013939.49
402206;2025;1;47366425.85
402206;2025;2;90424486.67
402206;2025;3;136517013.8
402516;2023;4;6294567.97
402834;2023;4;107719147.38
402966;2023;4;852830838.94
402966;2025;1;110842486.58
402966;2025;2;158039063.06
402966;2025;3;177821280.03
403245;2023;4;10824666.79
403458;2023;4;15975488.78
403512;2023;4;9362515.04
403636;2023;4;1545362.02
403865;2023;4;3384093.03
403911;2023;4;11581173448.13
403962;2023;4;407013107.73
403962;2025;1;185107346.97
403962;2025;2;298755601.09
403962;2025;3;426486459.1
403997;2023;4;7361464.24
404241;2023;4;88126961.97
404241;2025;1;38882645.61
404241;2025;2;67556354.72
404241;2025;3;99879292.18
404772;2023;4;3670745.06
404942;2023;4;3940486.2
405582;2023;4;601439.68
405671;2023;4;911528.3
405931;2023;4;118181.22
406121;2023;4;23071891.44
406414;2023;4;734322.86
406481;2023;4;1255815746.82
406481;2025;1;293882894.84
406481;2025;2;513895865.27
406481;2025;3;756429085.79
406554;2023;4;774771561.68
406554;2025;1;328251423.03
406554;2025;2;527994826.68
406554;2025;3;842944985.58
406635;2023;4;50224394.8
406635;2025;1;21650390.89
406635;2025;2;37205372.59
406635;2025;3;53859644.53
406708;2023;4;96284619.39
406805;2023;4;129537560.31
406805;2025;1;46492523.67
406805;2025;2;88410008.37
406805;2025;3;138817746.58
406813;2023;4;42483917.9
406813;2025;1;10785854.32
406813;2025;2;18864023.83
406813;2025;3;27228752.47
406937;2023;4;148217927.29
406937;2025;1;55419818.23
406937;2025;2;96836585.97
406937;2025;3;142646384.88
406945;2023;4;398041947.55
406945;2025;1;126684170.98
406945;2025;2;226139638.06
406945;2025;3;324526537.85
407011;2023;4;394991828.93
407011;2025;1;833841615.11
407011;2025;2;1191823498.54
407011;2025;3;1141578316.09
407224;2023;4;67645200.7
407224;2025;1;41826440.87
407224;2025;2;51569569.51
407224;2025;3;62151372.43
407241;2023;4;2578342.57
407534;2023;4;34132005.06
407534;2025;1;9366266.54
407534;2025;2;15972394.13
407534;2025;3;22809920.87
407569;2023;4;46504589.91
407569;2025;1;15631268.96
407569;2025;2;28271139.59
407569;2025;3;40749483.03
408026;2023;4;41270227.47
408026;2025;1;11851990.52
408026;2025;2;22820362.59
408026;2025;3;33710820.62
408034;2023;4;34739062.83
408034;2025;1;13095988.16
408034;2025;2;19915984.15
408034;2025;3;26869523.16
408093;2023;4;26319090.18
408093;2025;1;9817075.27
408093;2025;2;14743456.12
408093;2025;3;30900920.3
408263;2023;4;66171888.87
408263;2025;1;21791809.71
408263;2025;2;41566842.97
408263;2025;3;61144404.19
408522;2023;4;14040218.15
408522;2025;1;6417824.03
408522;2025;2;9914682.95
408522;2025;3;12471873.73
408794;2023;4;207406289.33
408794;2025;1;72377851.55
408794;2025;2;125062233.9
408794;2025;3;186276875.21
409243;2023;4;1242845402.82
409243;2025;1;417243991.48
409243;2025;2;745667474.89
409243;2025;3;1096080180.24
409286;2023;4;5148804.75
409286;2025;1;1706565.35
409286;2025;2;2876055.56
409286;2025;3;4258790.6
409405;2023;4;28245960.96
409405;2025;1;15385959.47
409405;2025;2;19801345.99
409405;2025;3;27079095.07
409413;2023;4;100704119.83
409413;2025;1;29424351.99
409413;2025;2;56952971.95
409413;2025;3;82679190.54
409634;2023;4;54233196.42
409634;2025;1;18033664.47
409634;2025;2;36076597.89
409634;2025;3;51046329.44
409791;2023;4;41618296.91
409791;2025;1;13582185.95
409791;2025;2;24063598.95
409791;2025;3;35812124.55
410071;2023;4;431530.76
410110;2023;4;215577038.52
410110;2025;1;69755218.43
410110;2025;2;120022206.43
410110;2025;3;167204843.21
410128;2023;4;299142112.83
410128;2025;1;94094058.8
410128;2025;2;175594480.5
410128;2025;3;258263925.51
410292;2023;4;495852431.7
410292;2025;1;172601593.61
410292;2025;2;305299161.85
410292;2025;3;466028320.73
410420;2023;4;0.0
410608;2023;4;100872660.66
410608;2025;1;34115555.76
410608;2025;2;63849482.13
410608;2025;3;94262595.0
410624;2023;4;80089546.39
410624;2025;1;31106853.7
410624;2025;2;49847511.0
410624;2025;3;69063139.48
410888;2023;4;189990807.67
410888;2025;1;56081825.77
410888;2025;2;115375409.15
410888;2025;3;180028962.81
411248;2023;4;70114887.33
411248;2025;1;13157573.93
411248;2025;2;23757043.39
411248;2025;3;33973972.81
411256;2023;4;2812214868.25
411256;2025;1;1019410877.79
411256;2025;2;1894703640.19
411256;2025;3;2809368132.12
411582;2023;4;400625155.94
411582;2025;1;132314937.14
411582;2025;2;236207847.01
411582;2025;3;346070945.16
411701;2023;4;2809503.95
411752;2023;4;3207537046.58
411752;2025;1;762448021.74
411752;2025;2;1087304114.99
411752;2025;3;1352952278.7
411809;2023;4;86019431.09
411809;2025;1;25722099.22
411809;2025;2;44881682.37
411809;2025;3;67850618.81
411868;2023;4;34601126.83
411868;2025;1;23270643.9
411868;2025;2;40698061.49
411868;2025;3;64610996.04
412015;2023;4;29961907.54
412015;2025;1;9858388.81
412015;2025;2;17774503.08
412015;2025;3;27774342.37
412040;2023;4;9792425.56
412058;2023;4;424860289.03
412058;2025;1;86623963.3
412058;2025;2;141842022.43
412058;2025;3;198445612.14
412228;2023;4;6778406.81
412252;2023;4;169487347.93
412252;2025;1;58407974.27
412252;2025;2;116266220.1
412252;2025;3;167400036.49
412295;2023;4;350157843.99
412295;2025;1;171546816.61
412295;2025;2;275190907.21
412295;2025;3;383513836.36
412635;2023;4;256567458.44
412635;2025;1;106173386.88
412635;2025;2;125847094.15
412635;2025;3;145741639.25
412759;2023;4;294696798.21
412759;2025;1;110106451.65
412759;2025;2;170579203.15
412759;2025;3;251499148.29
412830;2023;4;0.0
412996;2023;4;75797093.28
412996;2025;1;26182419.27
412996;2025;2;47993930.64
412996;2025;3;67780562.39
413160;2023;4;370042797.85
413160;2025;1;106703791.05
413160;2025;2;199820048.88
413160;2025;3;309500716.83
413194;2023;4;89874511.7
413267;2023;4;12655614.22
413267;2025;1;7528137.5
413267;2025;2;10439625.66
413267;2025;3;14957956.77
413283;2023;4;44010158.0
413283;2025;1;17975756.59
413283;2025;2;36740254.6
413283;2025;3;58538593.42
413330;2023;4;291081073.4
413330;2025;1;82775465.95
413330;2025;2;150821114.78
413330;2025;3;221572636.81
413348;2023;4;4111429.74
413372;2023;4;150616595.08
413372;2025;1;56041760.79
413372;2025;2;93202106.97
413372;2025;3;136756907.97
413429;2023;4;122758469.47
413429;2025;1;47484281.57
413429;2025;2;88664204.06
413429;2025;3;129411392.93
413518;2023;4;132191563.13
413518;2025;1;40321941.18
413518;2025;2;83361819.18
413518;2025;3;125132876.49
413534;2023;4;6367711690.49
413534;2025;1;2120840450.25
413534;2025;2;3838819558.84
413534;2025;3;5555525628.33
413551;2025;2;5383312.01
413551;2025;3;6965325.83
413721;2023;4;186703705.47
413721;2025;1;73593357.31
413721;2025;2;131637781.31
413721;2025;3;194588854.9
413747;2023;4;39198440.48
413747;2025;1;10025530.81
413747;2025;2;18781628.54
413747;2025;3;28033277.41
413941;2023;4;31582223.8
414026;2023;4;43747107.09
414026;2025;1;16667332.12
414026;2025;2;28388422.67
414026;2025;3;38330025.62
414212;2023;4;161927297.36
414212;2025;1;66616167.69
414212;2025;2;107412589.62
414212;2025;3;152421639.12
414310;2023;4;795470940.8
414310;2025;1;289091512.16
414310;2025;2;506688306.23
414310;2025;3;744729168.79
414352;2023;4;806057006.79
414352;2025;1;314773135.59
414352;2025;2;583147345.98
414352;2025;3;851148271.22
414387;2023;4;72632025.65
414387;2025;1;20702377.01
414387;2025;2;38878913.91
414387;2025;3;59009979.76
414425;2023;4;36267.72
414492;2023;4;1600374418.47
414492;2025;1;448781067.41
414492;2025;2;809502970.53
414492;2025;3;1212780332.23
414557;2023;4;13470393.03
414573;2023;4;492388938.07
414573;2025;1;184672696.38
414573;2025;2;323530904.91
414573;2025;3;470172670.65
414581;2023;4;1009274201.96
414581;2025;1;442162852.72
414581;2025;2;825911195.02
414581;2025;3;1179000979.34
414654;2023;4;88519607.32
414654;2025;1;34615458.38
414654;2025;2;64205520.76
414654;2025;3;95929821.95
414662;2023;4;82600350.81
414662;2025;1;61732475.04
414662;2025;2;109491142.24
414662;2025;3;155304576.67
414689;2023;4;14463257.69
414689;2025;1;7798224.8
414689;2025;2;9084448.03
414689;2025;3;13338620.58
414701;2023;4;66763485.66
414701;2025;1;24995785.99
414701;2025;2;47174970.89
414701;2025;3;70861648.96
414891;2023;4;1646771.5
414905;2023;4;311239478.29
414905;2025;1;75233591.34
414905;2025;2;266896164.31
414905;2025;3;403323722.44
414921;2023;4;7718061.83
414930;2023;4;590139948.49
414930;2025;1;232522145.17
414930;2025;2;420015870.73
414930;2025;3;621229398.02
414981;2023;4;1020069.21
415014;2023;4;608297988.49
415014;2025;1;222061853.46
415014;2025;2;399516383.1
415014;2025;3;526437917.89
415057;2023;4;242373.0
415065;2023;4;172155130.88
415065;2025;1;85208570.29
415065;2025;2;178950585.96
415065;2025;3;286197018.09
415081;2023;4;55284040.15
415081;2025;1;9529185.23
415081;2025;2;14352425.52
415081;2025;3;20627038.17
415111;2023;4;1698690108.11
415111;2025;1;548467045.93
415111;2025;2;1018181554.15
415111;2025;3;1459244608.89
415243;2023;4;30468098.6
415243;2025;1;10827920.09
415243;2025;2;21288098.48
415243;2025;3;32904753.64
415260;2023;4;5282553.72
415626;2023;4;144578179.39
415626;2025;1;58161915.62
415626;2025;2;112332424.44
415626;2025;3;173291390.74
415693;2023;4;1094274164.34
415693;2025;1;311871634.56
415693;2025;2;602743154.34
415693;2025;3;890609281.99
415774;2023;4;1152256241.84
415774;2025;1;393574820.02
415774;2025;2;700447941.09
415774;2025;3;1021460369.06
415782;2023;4;725764.2
415821;2023;4;778246.69
415871;2023;4;334707.82
415898;2023;4;5965761.17
415901;2023;4;13810670.46
415901;2025;1;4421914.25
415901;2025;2;7517176.36
415901;2025;3;10322014.02
415910;2023;4;17131377.96
415910;2025;1;6398518.96
415910;2025;2;10855727.95
415910;2025;3;15649430.17
415936;2023;4;217471368.35
415936;2025;1;78239400.49
415936;2025;2;163143782.08
415936;2025;3;254374337.0
415944;2023;4;1356412.72
415944;2025;1;508215.17
415944;2025;2;918568.51
415944;2025;3;1381908.32
415952;2023;4;2125648.13
415987;2023;4;43384432.83
415987;2025;1;13246311.97
415987;2025;2;25430343.9
415987;2025;3;37313190.58
416177;2023;4;2617171.89
416193;2023;4;4578125.22
416371;2023;4;8120925.77
416398;2023;4;571251459.7
416398;2025;1;168167113.12
416398;2025;2;298021992.87
416398;2025;3;441703083.09
416401;2023;4;1315840966.91
416401;2025;1;494327381.45
416401;2025;2;928368626.99
416401;2025;3;1323551266.19
416410;2023;4;929054.54
416410;2025;1;113800.02
416410;2025;3;591545.94
416428;2023;4;5206536454.28
416428;2025;1;3488324352.61
416428;2025;2;5059610826.02
416428;2025;3;6692167901.88
416495;2023;4;421962380.61
416495;2025;1;156177650.16
416495;2025;2;281121408.29
416495;2025;3;420659477.95
416525;2023;4;93388372.39
416525;2025;1;32460499.67
416525;2025;2;55826970.08
416525;2025;3;79415393.64
416568;2023;4;1232271314.71
416568;2025;1;479676910.0
416568;2025;2;776348199.01
416568;2025;3;1122581865.15
416584;2023;4;256743026.45
416584;2025;1;107683145.47
416584;2025;2;194138340.49
416584;2025;3;282952402.75
416657;2023;4;2536451.29
416665;2023;4;2883214.3
416690;2023;4;477831556.7
416690;2025;1;185435488.12
416690;2025;2;332067348.74
416690;2025;3;497754935.6
416738;2023;4;467259412.98
416738;2025;1;196363336.29
416738;2025;2;382376185.7
416738;2025;3;559043608.07
416789;2023;4;232823.78
416789;2025;1;1787206.56
416789;2025;2;3573536.62
416789;2025;3;5321814.64
416801;2023;4;774822486.31
416801;2025;1;225174568.35
416801;2025;2;429377087.45
416801;2025;3;654058315.21
416835;2023;4;243410.66
416908;2023;4;4874161.56
416932;2023;4;3597191.18
417050;2023;4;1788539.66
417050;2025;1;872154.88
417050;2025;2;1154802.68
417050;2025;3;1766714.68
417092;2023;4;527381.87
417092;2025;1;527495.04
417092;2025;2;9568.3
417092;2025;3;9568.3
417106;2023;4;27688966.62
417106;2025;1;6877565.31
417106;2025;2;13395306.67
417106;2025;3;20831425.1
417114;2023;4;439731.42
417131;2023;4;22365800.88
417131;2025;1;5631373.17
417131;2025;2;13339913.65
417131;2025;3;20222086.97
417149;2023;4;1483165.38
417165;2025;1;1108956.24
417165;2025;2;1064317.77
417165;2025;3;0.0
417173;2023;4;122860749.18
417173;2025;1;38337426.68
417173;2025;2;55592191.02
417173;2025;3;78470651.82
417211;2023;4;435224413.19
417211;2025;1;135918199.77
417211;2025;2;271028600.09
417211;2025;3;406864218.18
417220;2023;4;29954489.64
417220;2025;1;7247947.36
417220;2025;2;12540595.17
417220;2025;3;18185013.48
417262;2023;4;137258.36
417289;2023;4;109506006.94
417289;2025;1;55587767.72
417289;2025;2;113439654.12
417289;2025;3;170856266.44
417297;2023;4;665021531.35
417297;2025;1;221107790.52
417297;2025;2;412069609.58
417297;2025;3;610835502.39
417301;2023;4;34964905.64
417301;2025;1;11241208.55
417301;2025;2;20279736.55
417301;2025;3;29602753.65
417343;2023;4;227497.6
417424;2023;4;37328045.5
417424;2025;1;24207009.01
417424;2025;2;39774907.0
417424;2025;3;58339028.81
417441;2023;4;2278354.72
417459;2023;4;13673638.22
417459;2025;1;3383970.88
417459;2025;2;6629787.58
417459;2025;3;10001540.72
417475;2023;4;57713196.97
417475;2025;1;22550195.16
417475;2025;2;46568568.5
417475;2025;3;60256987.08
417491;2023;4;5465655.33
417491;2025;1;12205327.51
417491;2025;2;38482612.85
417491;2025;3;96822995.53
417505;2023;4;3843054335.71
417505;2025;1;1434098603.88
417505;2025;2;2572076958.31
417505;2025;3;3467167170.3
417530;2023;4;2196482076.73
417530;2025;1;673525559.11
417530;2025;2;1316289164.47
417530;2025;3;1998361936.69
417548;2023;4;1289625864.21
417548;2025;1;436737149.6
417548;2025;2;758503366.95
417548;2025;3;1104201516.05
417564;2023;4;2737980.48
417581;2023;4;4076011.08
417599;2023;4;642466849.74
417599;2025;1;264308274.44
417599;2025;2;427341034.59
417599;2025;3;571666884.39
417602;2023;4;21869202.39
417602;2025;1;3147978.39
417602;2025;2;5282367.12
417602;2025;3;8040972.36
417611;2023;4;0.0
417611;2025;1;0.0
417645;2023;4;465038.76
417661;2023;4;470095893.71
417661;2025;1;120551145.31
417661;2025;2;245306536.93
417661;2025;3;376396502.34
417718;2023;4;129929942.13
417718;2025;1;6268309.8
417718;2025;2;13662898.64
417718;2025;3;30002307.56
417769;2023;4;840335.02
417785;2023;4;1565701.06
417815;2023;4;665074007.45
417815;2025;1;204482080.69
417815;2025;2;361535712.08
417815;2025;3;511045983.57
417831;2023;4;9338318.48
417831;2025;1;7740442.45
417831;2025;2;16678032.16
417831;2025;3;26284078.31
417840;2023;4;21872740.06
417840;2025;3;15316001.85
417874;2023;4;1277495.31
417891;2023;4;8190694.26
417947;2023;4;810585949.77
417947;2025;1;303468309.48
417947;2025;2;543260214.58
417947;2025;3;782028726.36
417955;2023;4;437925369.26
417955;2025;1;138942981.51
417955;2025;2;275754275.43
417955;2025;3;430048129.37
417998;2023;4;7972172.16
418013;2023;4;607902.06
418021;2023;4;2323136804.7
418021;2025;1;750562390.98
418021;2025;2;1411514284.24
418021;2025;3;1958930799.67
418030;2023;4;3083621.24
418030;2025;1;537705.4
418030;2025;2;1034740.06
418030;2025;3;1520344.6
418048;2023;4;11765.06
418072;2023;4;-14307581.97
418072;2025;1;14434400.0
418072;2025;2;12032578.69
418072;2025;3;11718329.88
418111;2023;4;1795524.0
418129;2023;4;45187927.75
418129;2025;1;13389843.56
418129;2025;2;26934036.38
418129;2025;3;45979524.9
418137;2023;4;191980771.49
418137;2025;1;72093020.13
418137;2025;2;120313494.59
418137;2025;3;172558591.17
418161;2023;4;0.0
418161;2025;1;0.0
418170;2023;4;1665393530.24
418170;2025;1;825023325.97
418170;2025;2;1489657192.39
418170;2025;3;2163464817.04
418200;2023;4;10810889.05
418218;2023;4;29687006.31
418218;2025;1;8963952.32
418218;2025;2;18363299.86
418218;2025;3;30073412.86
418226;2023;4;13380230.23
418226;2025;1;28737455.91
418226;2025;2;52516375.18
418226;2025;3;86289638.29
418242;2023;4;1643096.76
418277;2023;4;1044076.0
418285;2023;4;196917602.0
418285;2025;1;90262570.39
418285;2025;2;145391481.42
418285;2025;3;204846959.07
418340;2023;4;66897.96
418374;2023;4;809863867.13
418374;2025;1;303236403.57
418374;2025;2;452540474.35
418374;2025;3;662218892.68
418439;2023;4;3578197.21
418447;2023;4;1112904.06
418501;2023;4;92208028.34
418501;2025;1;29531503.73
418501;2025;2;55795640.54
418501;2025;3;84198415.98
418536;2023;4;157487.67
418552;2023;4;14360392.53
418552;2025;1;7747448.4
418552;2025;2;9382675.58
418552;2025;3;14040641.61
418587;2023;4;505673623.13
418587;2025;1;128899408.87
418587;2025;2;240373937.78
418587;2025;3;362732921.06
418595;2023;4;250574.38
418595;2025;1;1176836.53
418595;2025;2;1440191.32
418595;2025;3;1592129.02
418617;2023;4;245775541.3
418617;2025;1;93655585.59
418617;2025;2;165716657.29
418617;2025;3;243350508.65
418625;2023;4;0.0
418650;2023;4;1133324100.72
418650;2025;1;357797080.76
418650;2025;2;657844725.74
418650;2025;3;997797064.35
418706;2025;1;55146.76
418706;2025;2;168582.2
418706;2025;3;301134.38
418731;2023;4;354473064.67
418731;2025;1;129480650.86
418731;2025;2;272563798.66
418731;2025;3;423523474.65
418749;2023;4;29604566.24
418749;2025;1;19702747.43
418749;2025;2;34592466.34
418749;2025;3;48993892.38
418757;2023;4;726884.71
418790;2023;4;5509450.51
418803;2023;4;589466684.77
418803;2025;1;230856775.08
418803;2025;2;419387769.34
418803;2025;3;605559879.87
418820;2023;4;302573396.78
418820;2025;1;118349993.47
418820;2025;2;202122641.17
418820;2025;3;318641507.01
418901;2023;4;184726.0
418919;2023;4;341286361.24
418919;2025;1;132755518.21
418919;2025;2;235844119.84
418919;2025;3;345996489.49
418960;2023;4;6620955.98
418960;2025;1;7360710.14
418960;2025;2;15261033.32
418960;2025;3;22367944.64
418986;2023;4;17280209.4
418986;2025;1;5495828.06
418986;2025;2;12353818.32
418986;2025;3;19199521.74
418994;2023;4;6933843.7
418994;2025;1;2002605.78
418994;2025;2;3370806.32
418994;2025;3;5322120.18
419010;2023;4;2764554653.75
419010;2025;1;982131754.3
419010;2025;2;1790731848.21
419010;2025;3;2675988710.12
419028;2023;4;28515716.89
419028;2025;1;7011763.27
419028;2025;2;13747370.71
419028;2025;3;20935461.16
419052;2023;4;370558730.27
419052;2025;1;143247154.49
419052;2025;2;248148850.97
419052;2025;3;375832024.13
419061;2023;4;681825.64
419079;2023;4;9568861.86
419079;2025;1;3727388.13
419079;2025;2;5673284.26
419079;2025;3;7377539.31
419095;2023;4;7566135.02
419095;2025;1;4280162.42
419095;2025;2;9224451.72
419095;2025;3;13513651.56
419133;2023;4;3231562881.93
419133;2025;1;2279198719.53
419133;2025;2;3361540995.48
419133;2025;3;4337533544.84
419141;2023;4;684789693.58
419141;2025;1;263440855.46
419141;2025;2;511936848.96
419141;2025;3;769297611.54
419150;2023;4;415412938.19
419150;2025;1;123480476.63
419150;2025;2;236369510.6
419150;2025;3;383098050.81
419168;2023;4;17500457.04
419184;2023;4;4594255.98
419231;2023;4;3311514.1
419249;2023;4;2718820912.36
419249;2025;1;992920167.58
419249;2025;2;1898811708.43
419249;2025;3;2882789616.2
419257;2023;4;0.0
419257;2025;1;0.0
419257;2025;2;0.0
419257;2025;3;0.0
419265;2023;4;4688.08
419281;2023;4;124503305.64
419281;2025;1;28398213.62
419281;2025;2;55309107.0
419281;2025;3;80679558.71
419290;2023;4;249677.86
419290;2025;1;15004667.36
419290;2025;2;136675.77
419290;2025;3;1674764.35
419303;2023;4;372311.02
419354;2023;4;62301610.36
419354;2025;1;1428203.0
419354;2025;2;-1520202.04
419354;2025;3;-4562759.84
419389;2023;4;28262866.66
419389;2025;1;2256476.36
419389;2025;2;4519095.14
419389;2025;3;6450887.44
419419;2023;4;362355982.06
419419;2025;1;97587661.6
419419;2025;2;188405912.84
419419;2025;3;281153242.96
419427;2023;4;453155820.67
419427;2025;1;123943117.99
419427;2025;2;239327423.51
419427;2025;3;404663950.2
419435;2023;4;5842591.38
419443;2023;4;13646701.24
419443;2025;1;11966977.02
419443;2025;2;17655568.48
419443;2025;3;34179273.6
419486;2023;4;400811717.61
419486;2025;1;151641154.65
419486;2025;2;254597644.05
419486;2025;3;382893104.19
419516;2023;4;437668397.2
419516;2025;1;93292271.42
419516;2025;3;208975640.74
419524;2023;4;21824331.74
419524;2025;1;4385821.46
419524;2025;2;7262307.64
419524;2025;3;10252840.64
419567;2023;4;0.0
419567;2025;1;28340.16
419567;2025;2;61232.96
419567;2025;3;105931.34
419583;2023;4;9326135.73
419591;2023;4;37293531.47
419591;2025;1;12976298.86
419591;2025;2;20975521.57
419591;2025;3;35430762.12
419621;2023;4;3010618.38
419699;2023;4;236205388.25
419699;2025;1;100007164.34
419699;2025;2;189743602.58
419699;2025;3;272930051.22
419729;2023;4;16526763.76
419753;2023;4;60563717.56
419753;2025;1;34906754.61
419753;2025;2;54310472.46
419753;2025;3;71154037.36
419761;2023;4;2771.24
419818;2023;4;4676424.53
419834;2023;4;3862311.19
419842;2023;4;0.0
419851;2023;4;86521970.77
419851;2025;1;26179848.42
419851;2025;2;46389610.46
419851;2025;3;69228324.16
419869;2023;4;361459.16
419869;2025;1;15000.0
419869;2025;2;30000.0
419869;2025;3;45000.0
419907;2023;4;2806653.45
419915;2023;4;840.0
419931;2023;4;65402.1
419958;2023;4;272894982.41
419958;2025;1;78560538.51
419958;2025;2;140566385.64
419958;2025;3;204199441.39
419974;2023;4;31245841.37
419974;2025;1;24670140.87
419974;2025;2;40957833.04
419974;2025;3;61161378.9
419982;2023;4;0.0
419991;2023;4;95913.5
420000;2023;4;387377897.42
420000;2025;1;154213874.88
420000;2025;2;267726388.09
420000;2025;3;388886397.22
420034;2023;4;61270.98
420051;2023;4;28737968.37
420051;2025;1;8137521.6
420051;2025;2;7845464.99
420077;2023;4;2089028717.11
420077;2025;1;524533038.13
420077;2025;2;1032809993.39
420077;2025;3;1560073492.39
420085;2023;4;157419138.27
420085;2025;1;47008196.98
420085;2025;2;85983584.25
420085;2025;3;124935524.39
420093;2023;4;28349115.16
420093;2025;1;11159100.38
420093;2025;2;18400624.54
420093;2025;3;27415263.13
420107;2023;4;3970512.11
420107;2025;1;966429.92
420107;2025;2;-1908507.69
420107;2025;3;-1039393.62
420123;2023;4;55550053.37
420123;2025;1;20913857.9
420123;2025;2;34131343.65
420123;2025;3;51130747.31
420140;2023;4;2353374.5
420140;2025;1;803000.0
420140;2025;2;1220655.38
420140;2025;3;1250133.58
420158;2023;4;633456827.26
420158;2025;1;224051665.77
420158;2025;2;449687130.32
420158;2025;3;687978617.82
420166;2023;4;989079199.08
420166;2025;1;342746363.87
420166;2025;2;664601149.12
420166;2025;3;981599800.84
420239;2023;4;2516959.91
420247;2023;4;293876.52
420255;2023;4;19231036.67
420271;2023;4;100311314.08
420271;2025;2;73115329.46
420271;2025;3;108769485.43
420280;2023;4;0.0
420301;2023;4;0.0
420697;2023;4;49461.46
420701;2023;4;217914311.3
420701;2025;1;66615551.25
420701;2025;2;134016218.91
420701;2025;3;214385624.45
420743;2023;4;847422.62
420778;2023;4;555410.8
420786;2023;4;197716914.05
420786;2025;1;60379566.33
420786;2025;2;113982594.14
420786;2025;3;166994965.18
420794;2023;4;452880.74
420816;2023;4;17598954.99
420816;2025;1;7262684.95
420816;2025;2;12725446.84
420816;2025;3;18420580.94
420824;2023;4;7993566.78
420841;2023;4;4015317.3
420841;2025;1;2859137.17
420841;2025;2;2504855.4
420841;2025;3;-468654.11
420859;2023;4;29988912.28
420859;2025;1;9619300.72
420859;2025;2;19469029.18
420859;2025;3;29171040.24
420930;2023;4;19255708.05
420930;2025;1;6419558.38
420930;2025;2;6263403.38
420930;2025;3;6263403.38
420956;2023;4;4491001.6
420964;2023;4;4854231.74
420972;2023;4;17195958.95
420981;2023;4;104144474.93
420981;2025;1;18284789.74
420981;2025;2;35267638.69
420981;2025;3;52867518.27
420999;2023;4;26292203.92
420999;2025;1;7630254.9
421006;2023;4;349552304.16
421006;2025;1;151291982.96
421006;2025;2;249423475.28
421006;2025;3;355333198.95
421049;2023;4;22700019.29
421081;2023;4;7687485.06
421120;2023;4;12361437.7
421138;2023;4;213998.66
421146;2023;4;102000.0
421146;2025;1;20000.0
421146;2025;2;20000.0
421146;2025;3;20000.0
421154;2023;4;240535175.01
421154;2025;1;130670014.39
421154;2025;2;229750269.65
421154;2025;3;397675283.23
421189;2023;4;11049829.84
421189;2025;1;10182264.74
421189;2025;2;18954657.72
421189;2025;3;27647417.28
421197;2023;4;585030578.38
421197;2025;1;221858510.38
421197;2025;2;409662964.6
421197;2025;3;604348710.06
421227;2023;4;151509.78
421243;2023;4;565962.64
421251;2023;4;74161.08
421278;2023;4;231052.24
421286;2023;4;4405505.78
421324;2023;4;41368.17
421332;2023;4;177938.02
421341;2023;4;563277182.46
421341;2025;1;221634802.72
421341;2025;2;397606037.41
421341;2025;3;577839443.77
421359;2023;4;132333744.65
421359;2025;1;37125209.54
421359;2025;2;65002015.05
421359;2025;3;101626159.49
421367;2023;4;184789501.1
421367;2025;1;16255373.89
421367;2025;2;6002371.97
421367;2025;3;8890297.85
421375;2023;4;279905.88
421375;2025;1;29350.0
421375;2025;2;42350.0
421375;2025;3;54350.0
421383;2023;4;2082325.51
421405;2023;4;112834103.0
421405;2025;1;63627083.38
421405;2025;2;144443616.16
421405;2025;3;218860538.14
421421;2023;4;1671340993.25
421421;2025;1;547782683.26
421421;2025;2;1001752770.89
421421;2025;3;1441255852.08
421464;2023;4;1118734.55
421472;2023;4;78781.2
421545;2023;4;1480789.38
421553;2023;4;48663.1
421561;2023;4;7132928.36
421561;2025;1;2382352.87
421561;2025;2;4354741.09
421561;2025;3;6161605.8
421618;2023;4;45087332.33
421618;2025;1;12657849.05
421618;2025;2;23346054.17
421618;2025;3;32543514.5
421634;2023;4;34677804.34
421634;2025;1;14213403.57
421634;2025;2;23962978.57
421634;2025;3;36708836.41
421642;2025;1;18854.98
421642;2025;2;557786.76
421642;2025;3;7094035.8
421677;2023;4;9169368.58
421707;2023;4;40055115.93
421707;2025;1;33881283.92
421707;2025;2;54118595.58
421715;2023;4;6082990557.58
421715;2025;1;3766563529.89
421715;2025;2;5409422797.18
421715;2025;3;7488904735.01
421723;2023;4;36399754.73
421723;2025;1;4920517.16
421723;2025;2;8980367.34
421723;2025;3;14906469.84
421731;2023;4;266724524.55
421731;2025;1;112203787.76
421731;2025;2;283953702.57
421731;2025;3;607251182.98
421766;2023;4;203711919.89
421766;2025;1;121832191.87
421766;2025;2;282078927.84
421766;2025;3;471155787.31
421871;2023;4;36006402.82
421871;2025;1;24846712.69
421871;2025;2;48760096.73
421871;2025;3;67135114.25
421880;2023;4;3102.98
421928;2023;4;1437726878.54
421928;2025;1;898451972.85
421928;2025;2;1810389765.93
421928;2025;3;2936878460.96
421944;2023;4;296222010.87
421944;2025;1;134090516.36
421944;2025;2;210181888.4
421944;2025;3;329283110.15
421952;2023;4;983929.37
422029;2023;4;1136040654.81
422029;2025;1;640301317.86
422029;2025;2;1262623480.42
422029;2025;3;1922512308.36
422053;2023;4;145691380.58
422053;2025;1;78215520.51
422053;2025;2;128964881.98
422053;2025;3;174901400.33
422070;2023;4;470155194.05
422070;2025;1;133830437.1
422070;2025;2;241911551.7
422070;2025;3;397498091.08
422088;2023;4;16506092.95
422088;2025;1;15263814.37
422088;2025;2;20633757.96
422088;2025;3;32381805.38
422126;2023;4;16384923.95
422126;2025;1;6252400.3
422126;2025;2;12583931.08
422126;2025;3;18727414.88
422134;2023;4;11695468.35
422134;2025;1;4026725.55
422134;2025;2;-5139537.85
422134;2025;3;-11558780.3
422151;2023;4;39626382.62
422151;2025;1;40403007.24
422151;2025;2;73872261.74
422151;2025;3;124520640.51
422193;2023;4;2934803.9
422223;2025;2;332612.72
422258;2023;4;135107.48
422291;2023;4;1624.5
422304;2023;4;20374239.17
422304;2025;1;16074367.06
422304;2025;2;28181990.13
422304;2025;3;43708031.39
422321;2023;4;236945440.14
422321;2025;1;147881913.22
422321;2025;2;272883301.23
422321;2025;3;429613653.49
422339;2023;4;1158728081.95
422339;2025;1;832112608.48
422339;2025;2;1646975798.72
422339;2025;3;2587661059.56
422355;2025;1;11867774.87
422355;2025;2;22099981.43
422355;2025;3;32701133.08
422371;2023;4;20669960.71
422371;2025;1;65600756.53
422371;2025;2;142936976.28
422371;2025;3;238806387.1
422380;2023;4;173810518.19
422380;2025;2;40535277.36
422398;2023;4;576374815.3
422398;2025;1;228278662.91
422398;2025;2;392988418.9
422398;2025;3;556665137.09
422401;2023;4;347087.86
422401;2025;1;0.0
422401;2025;2;0.0
422401;2025;3;0.0
422461;2023;4;471560.0
422479;2023;4;4146229.24
422479;2025;1;1742425.92
422479;2025;2;1838821.24
422479;2025;3;1774272.72
422487;2023;4;14718261.84
422487;2025;1;6392840.81
422487;2025;2;43251716.57
422487;2025;3;66406268.91
422533;2023;4;3840411.75
422576;2023;4;0.0
422576;2025;1;76924.06
422576;2025;2;165890.28
422576;2025;3;236679.5
422584;2023;4;90994012.12
422584;2025;1;57830048.93
422584;2025;2;117075143.98
422584;2025;3;190363702.62
422592;2023;4;5500.6
422592;2025;1;0.0
422592;2025;2;24358.7
422592;2025;3;28773.71
422606;2023;4;858561160.45
422614;2023;4;107618596.81
422622;2023;4;1019743.64
422631;2023;4;7327480179.28
422631;2025;1;2111154728.11
422631;2025;2;3723335877.24
422631;2025;3;5210838042.5
422665;2023;4;38749428.8
422673;2023;4;2422179.92
422681;2023;4;523952896.82
422681;2025;1;251428892.22
422681;2025;2;399709820.88
422681;2025;3;531246642.69
422703;2023;4;1014046.38
422720;2023;4;23661305.63
422720;2025;2;1313852389.85
422720;2025;3;1844684550.38
422746;2025;1;5297453.22
422746;2025;2;14476946.48
422746;2025;3;23949083.67
422754;2023;4;12402273.27
422754;2025;1;2228410.19
422754;2025;2;4552122.18
422754;2025;3;7651731.52
422762;2023;4;36004572.62
422762;2025;1;40448858.89
422762;2025;2;87642411.7
422762;2025;3;138914928.2
422771;2023;4;453693310.36
422771;2025;1;164710389.26
422771;2025;2;309822190.45
422771;2025;3;492595642.2
422827;2023;4;71570242.26
422827;2025;1;59420421.04
422827;2025;2;116117429.19
422827;2025;3;173963985.65
422835;2023;4;38612846.42
422835;2025;1;34177177.03
422835;2025;2;73128000.32
422835;2025;3;107878024.94
422843;2023;4;2391442.9
422851;2023;4;980012.38
422878;2023;4;2501256.7
422908;2023;4;465593.22
422924;2023;4;1366787.54
422932;2023;4;2444842.46
422941;2023;4;0.0
422941;2025;1;-5667.83
422941;2025;2;8259.81
422941;2025;3;7382.05
422959;2023;4;19702661.26
422959;2025;1;12068920.5
422959;2025;2;21046596.12
422959;2025;3;29789223.62
422975;2023;4;4604740.8
422991;2023;4;16136.96
423017;2023;4;0.0
423017;2025;1;0.0
423017;2025;2;0.0
423017;2025;3;0.0
423041;2023;4;1677204.7
423041;2025;1;193534.06
423041;2025;2;354308.2
423041;2025;3;537621.38
423050;2023;4;2376404.79
423068;2023;4;619645.64
423076;2023;4;976421.62
423092;2023;4;500.0
423114;2023;4;1908315.38
423122;2023;4;0.0
423131;2023;4;61951.8
423157;2023;4;2279372.61
423173;2023;4;173308823.85
423173;2025;1;660576934.03
423173;2025;2;1116370783.24
423173;2025;3;1335616251.62
423181;2023;4;1525284.92
423181;2025;1;2988501.66
423181;2025;2;3755245.97
423181;2025;3;3908838.32
423203;2023;4;4500519.1
423203;2025;1;16296718.36
423203;2025;2;18154861.44
423203;2025;3;26549421.73
423220;2023;4;8808.97
423262;2023;4;12195332.87
423262;2025;1;4427739.41
423262;2025;2;6125542.18
423262;2025;3;7295794.38
423271;2023;4;2300051.06
423319;2023;4;127809980.64
423319;2025;1;119328557.92
423319;2025;2;213030916.41
423319;2025;3;324980182.64
423327;2023;4;67.0
423327;2025;1;67.0
423327;2025;2;100.5
423327;2025;3;2567.0
423335;2023;4;3539.94
423335;2025;1;110400644.37
423335;2025;2;224972038.24
423335;2025;3;357462307.74
423351;2023;4;118091449.22
423351;2025;1;56148789.39
423351;2025;2;99805835.16
423351;2025;3;138850319.18
423408;2023;4;5252863.69
423408;2025;1;5728092.95
423408;2025;3;5295444.22
423432;2023;4;190980.91
423432;2025;1;7732192.69
423432;2025;2;15120722.57
423432;2025;3;16494325.48
423441;2025;2;31015813.25
423441;2025;3;59566491.1
423483;2023;4;332087.82
423491;2023;4;0.0
423505;2023;4;21213603.74
423505;2025;1;11572046.86
423505;2025;2;23563005.22
423505;2025;3;34697666.48
423548;2023;4;0.0
423548;2025;1;23331496.31
423548;2025;2;69124756.38
423548;2025;3;80151960.47
423556;2023;4;1800.0
423564;2023;4;22162.67
423564;2025;1;2783740.57
423564;2025;2;6227809.13
423564;2025;3;10152235.61
423572;2025;1;149052.28
423572;2025;2;5155054.25
423572;2025;3;15155905.2
423581;2023;4;0.0
423629;2023;4;440144.61
423629;2025;1;38980671.33
423629;2025;2;79112306.26
423629;2025;3;128151654.63
423645;2025;1;1608986.27
423645;2025;2;522554.59
423645;2025;3;6048476.2
423661;2025;1;174321693.66
423661;2025;2;323874085.96
423661;2025;3;571636772.65
423670;2023;4;0.0
423700;2025;1;113499.8
423700;2025;2;202972.34
423700;2025;3;2962927.67
423718;2025;1;50783248.7
423718;2025;2;90875763.93
423718;2025;3;88711792.58
423742;2023;4;0.0
423742;2025;1;0.0
423815;2025;1;98557.55
423815;2025;2;602163.52
423815;2025;3;1507237.18
423858;2023;4;0.0
423858;2025;1;0.0
423858;2025;2;0.0
423858;2025;3;0.0
423912;2025;1;1044123.14
423912;2025;2;1834998.84
423912;2025;3;3794664.52
424013;2025;3;916008.21
424048;2025;1;6641265.76
424048;2025;2;22637033.91
424048;2025;3;40650599.94
424129;2025;1;139690.87
424129;2025;2;145501.41
424129;2025;3;265149.46
424145;2025;1;14845.58
424145;2025;2;7765.54
424145;2025;3;7765.54
424161;2025;1;0.0
424161;2025;2;0.0
424161;2025;3;0.0
424170;2025;1;1996040.61
424170;2025;2;8096764.58
424170;2025;3;18695700.08
424188;2025;2;10779663707.45
424188;2025;3;15385216805.15
424196;2025;2;3.0
424226;2025;2;516.0
424226;2025;3;0.0
424285;2025;3;771934.62
424421;2025;1;406552.0
424421;2025;2;881252.0
424421;2025;3;1083092.0
424463;2025;3;320142.57
424501;2025;3;0.0
424528;2025;3;0.0
424544;2025;2;0.0
424544;2025;3;0.0
